is_practice,payoff_matrix,weights,original_cost_matrix,highlight_index,is_control,uncovered_values,selected_option,trial_num,trial_type,participant_id
False,"[[5.51, 4.59, 5.6, 4.58, 5.33], [9.37, 1.74, 9.99, 9.84, 9.29], [8.92, 9.39, 7.26, 7.4, 9.14]]","[6, 11, 13]","[[3, 3, 3, 3, 3], [3, 3, 3, 3, 3], [1, 1, 1, 1, 1]]",2,False,[],0,1,highlight,1
False,"[[3.63, 9.02, 4.86, 6.01, 5.93], [9.98, 9.97, 9.82, 10.0, 9.39], [9.37, 8.4, 7.61, 5.81, 8.89]]","[6, 18, 6]","[[3, 3, 3, 3, 3], [3, 3, 3, 3, 3], [3, 3, 3, 3, 3]]",1,True,[],0,2,control,1
False,"[[4.61, 7.19, 6.13, 4.94, 4.7], [9.9, 7.8, 9.99, 9.99, 10.0], [7.38, 9.83, 7.32, 7.31, 3.74]]","[5, 15, 10]","[[3, 3, 3, 3, 3], [1, 1, 1, 1, 1], [3, 3, 3, 3, 3]]",1,False,[],0,3,highlight,1
False,"[[4.61, 7.28, 5.45, 8.18, 6.07], [9.98, 9.94, 8.92, 9.99, 8.93], [7.53, 7.26, 9.54, 8.12, 8.76]]","[9, 2, 19]","[[3, 3, 3, 3, 3], [3, 3, 3, 3, 3], [3, 3, 3, 3, 3]]",1,True,[],0,4,control,1
False,"[[4.99, 4.47, 8.36, 3.58, 4.85], [9.95, 10.0, 10.0, 9.1, 9.98], [8.26, 5.92, 5.68, 8.82, 8.71]]","[19, 4, 7]","[[1, 1, 1, 1, 1], [3, 3, 3, 3, 3], [3, 3, 3, 3, 3]]",0,False,[],0,5,highlight,1
False,"[[4.47, 5.39, 3.29, 1.11, 4.59], [8.22, 9.99, 8.11, 7.67, 1.74], [9.29, 7.97, 9.73, 9.96, 9.39]]","[9, 5, 16]","[[3, 3, 3, 3, 3], [3, 3, 3, 3, 3], [3, 3, 3, 3, 3]]",2,True,[],0,6,control,1
False,"[[5.47, 4.59, 6.07, 6.59, 1.11], [9.99, 1.74, 9.98, 10.0, 7.67], [6.22, 9.39, 8.5, 5.51, 9.96]]","[16, 7, 7]","[[3, 3, 3, 3, 3], [1, 1, 1, 1, 1], [3, 3, 3, 3, 3]]",1,False,[],0,7,highlight,1
False,"[[2.83, 4.44, 7.38, 4.96, 8.16], [8.7, 10.0, 9.95, 9.94, 10.0], [9.42, 2.64, 7.69, 9.51, 6.76]]","[10, 9, 11]","[[3, 3, 3, 3, 3], [3, 3, 3, 3, 3], [3, 3, 3, 3, 3]]",0,True,[],0,8,control,1
False,"[[5.11, 7.28, 5.31, 6.27, 4.74], [10.0, 9.94, 9.99, 8.87, 10.0], [2.76, 7.26, 6.29, 9.13, 5.58]]","[16, 1, 13]","[[3, 3, 3, 3, 3], [1, 1, 1, 1, 1], [3, 3, 3, 3, 3]]",1,False,[],0,9,highlight,1
False,"[[5.85, 4.65, 4.12, 6.53, 4.06], [9.99, 7.19, 9.76, 10.0, 9.98], [7.96, 9.58, 9.55, 6.26, 6.39]]","[6, 7, 17]","[[3, 3, 3, 3, 3], [3, 3, 3, 3, 3], [3, 3, 3, 3, 3]]",0,True,[],0,10,control,1
False,"[[3.85, 4.65, 5.34, 4.46, 4.43], [9.98, 9.91, 9.05, 9.99, 9.99], [8.84, 7.16, 9.16, 7.44, 8.77]]","[2, 5, 23]","[[3, 3, 3, 3, 3], [3, 3, 3, 3, 3], [1, 1, 1, 1, 1]]",2,False,[],0,11,highlight,1
False,"[[6.13, 4.58, 4.73, 4.44, 6.53], [9.99, 9.99, 10.0, 10.0, 10.0], [3.77, 8.4, 4.99, 2.64, 6.26]]","[9, 8, 13]","[[3, 3, 3, 3, 3], [3, 3, 3, 3, 3], [3, 3, 3, 3, 3]]",1,True,[],0,12,control,1
False,"[[5.28, 7.53, 5.42, 4.69, 3.94], [9.74, 9.84, 10.0, 9.99, 9.17], [9.12, 9.23, 6.68, 5.36, 9.7]]","[6, 7, 17]","[[3, 3, 3, 3, 3], [3, 3, 3, 3, 3], [1, 1, 1, 1, 1]]",2,False,[],0,13,highlight,1
False,"[[9.0, 3.58, 7.34, 5.86, 4.89], [9.96, 9.1, 9.07, 10.0, 9.52], [2.93, 8.82, 8.8, 6.12, 8.75]]","[3, 12, 15]","[[3, 3, 3, 3, 3], [3, 3, 3, 3, 3], [3, 3, 3, 3, 3]]",1,True,[],0,14,control,1
False,"[[5.41, 6.09, 3.53, 4.42, 4.7], [9.96, 9.99, 9.83, 9.99, 10.0], [7.81, 5.13, 9.58, 8.97, 3.74]]","[1, 21, 8]","[[3, 3, 3, 3, 3], [1, 1, 1, 1, 1], [3, 3, 3, 3, 3]]",1,False,[],0,15,highlight,1
False,"[[3.91, 5.61, 4.43, 4.22, 5.25], [9.99, 9.98, 9.86, 9.68, 9.13], [8.31, 4.3, 8.82, 7.3, 8.5]]","[1, 3, 26]","[[3, 3, 3, 3, 3], [3, 3, 3, 3, 3], [3, 3, 3, 3, 3]]",2,True,[],0,16,control,1
False,"[[6.9, 5.15, 4.12, 5.3, 3.63], [9.95, 9.57, 9.22, 9.87, 5.69], [8.1, 8.94, 9.28, 8.96, 9.67]]","[17, 11, 2]","[[3, 3, 3, 3, 3], [1, 1, 1, 1, 1], [3, 3, 3, 3, 3]]",1,False,[],0,17,highlight,1
False,"[[6.79, 4.03, 0.0, 5.45, 5.73], [10.0, 10.0, 9.49, 9.97, 9.95], [2.64, 1.4, 9.56, 8.56, 7.96]]","[4, 12, 14]","[[3, 3, 3, 3, 3], [3, 3, 3, 3, 3], [3, 3, 3, 3, 3]]",0,True,[],0,18,control,1
False,"[[3.78, 10.0, 5.34, 4.68, 5.5], [8.97, 9.61, 9.05, 9.98, 9.98], [9.59, 9.3, 9.16, 5.03, 3.91]]","[5, 15, 10]","[[1, 1, 1, 1, 1], [3, 3, 3, 3, 3], [3, 3, 3, 3, 3]]",0,False,[],0,19,highlight,1
False,"[[5.27, 3.75, 4.73, 5.0, 4.51], [9.97, 9.1, 9.97, 9.98, 9.96], [6.1, 9.63, 5.85, 5.82, 7.39]]","[2, 22, 6]","[[3, 3, 3, 3, 3], [3, 3, 3, 3, 3], [3, 3, 3, 3, 3]]",1,True,[],0,20,control,1
False,"[[4.73, 5.65, 5.71, 4.8, 4.87], [10.0, 9.99, 10.0, 9.99, 9.67], [4.99, 4.83, 5.33, 6.22, 8.95]]","[9, 19, 2]","[[1, 1, 1, 1, 1], [3, 3, 3, 3, 3], [3, 3, 3, 3, 3]]",0,False,[],0,21,highlight,1
False,"[[5.72, 4.62, 3.5, 5.88, 9.89], [9.99, 9.96, 9.97, 10.0, 9.94], [8.18, 8.21, 8.48, 6.37, 8.4]]","[7, 9, 14]","[[3, 3, 3, 3, 3], [3, 3, 3, 3, 3], [3, 3, 3, 3, 3]]",2,True,[],0,22,control,1
False,"[[4.58, 5.36, 4.46, 6.15, 6.06], [9.84, 9.99, 8.5, 9.99, 9.95], [7.4, 4.63, 9.41, 5.82, 7.71]]","[4, 25, 1]","[[3, 3, 3, 3, 3], [1, 1, 1, 1, 1], [3, 3, 3, 3, 3]]",1,False,[],0,23,highlight,1
False,"[[7.91, 3.94, 6.07, 5.83, 5.07], [9.98, 9.17, 10.0, 9.99, 10.0], [7.06, 9.7, 6.12, 5.4, 4.37]]","[5, 24, 1]","[[3, 3, 3, 3, 3], [3, 3, 3, 3, 3], [3, 3, 3, 3, 3]]",1,True,[],0,24,control,1
False,"[[5.4, 4.59, 3.65, 5.75, 6.5], [9.98, 1.74, 9.54, 9.99, 9.96], [5.26, 9.39, 9.74, 8.44, 8.42]]","[3, 15, 12]","[[1, 1, 1, 1, 1], [3, 3, 3, 3, 3], [3, 3, 3, 3, 3]]",0,False,[],0,25,highlight,1
False,"[[4.64, 4.74, 4.18, 4.8, 4.46], [9.99, 10.0, 9.98, 9.85, 10.0], [6.65, 5.58, 4.46, 9.43, 4.37]]","[1, 1, 28]","[[3, 3, 3, 3, 3], [3, 3, 3, 3, 3], [3, 3, 3, 3, 3]]",2,True,[],0,26,control,1
False,"[[2.09, 7.53, 5.11, 4.46, 4.91], [7.26, 9.84, 9.55, 10.0, 9.91], [9.69, 9.23, 8.21, 4.37, 8.63]]","[27, 1, 2]","[[1, 1, 1, 1, 1], [3, 3, 3, 3, 3], [3, 3, 3, 3, 3]]",0,False,[],0,27,highlight,1
False,"[[6.31, 5.6, 6.25, 3.28, 8.18], [9.99, 9.99, 8.67, 9.73, 9.99], [7.15, 7.26, 9.4, 9.45, 8.12]]","[20, 9, 1]","[[3, 3, 3, 3, 3], [3, 3, 3, 3, 3], [3, 3, 3, 3, 3]]",0,True,[],0,28,control,1
False,"[[5.25, 5.41, 5.18, 6.98, 3.96], [9.13, 9.96, 9.97, 9.94, 9.76], [8.5, 7.81, 8.06, 9.11, 9.65]]","[15, 1, 14]","[[1, 1, 1, 1, 1], [3, 3, 3, 3, 3], [3, 3, 3, 3, 3]]",0,False,[],0,29,highlight,1
False,"[[4.26, 5.28, 5.28, 2.76, 6.94], [9.97, 9.74, 9.99, 7.46, 9.99], [7.07, 9.12, 5.15, 9.65, 6.87]]","[1, 24, 5]","[[3, 3, 3, 3, 3], [3, 3, 3, 3, 3], [3, 3, 3, 3, 3]]",1,True,[],0,30,control,1
False,"[[8.16, 3.28, 5.04, 6.19, 2.79], [9.99, 9.73, 9.03, 9.99, 9.82], [7.85, 9.45, 9.4, 8.85, 9.72]]","[3, 11, 16]","[[3, 3, 3, 3, 3], [1, 1, 1, 1, 1], [3, 3, 3, 3, 3]]",1,False,[],0,31,highlight,1
False,"[[4.54, 5.0, 4.91, 2.79, 4.12], [9.98, 9.98, 9.99, 9.82, 8.53], [8.79, 5.62, 7.62, 9.72, 8.46]]","[22, 3, 5]","[[3, 3, 3, 3, 3], [3, 3, 3, 3, 3], [3, 3, 3, 3, 3]]",0,True,[],0,32,control,1
False,"[[2.09, 4.58, 4.69, 4.88, 6.47], [7.26, 9.58, 9.99, 10.0, 10.0], [9.69, 8.42, 6.02, 2.64, 3.03]]","[7, 16, 7]","[[1, 1, 1, 1, 1], [3, 3, 3, 3, 3], [3, 3, 3, 3, 3]]",0,False,[],0,33,highlight,1
False,"[[5.09, 5.39, 4.27, 6.17, 5.0], [8.96, 9.99, 10.0, 8.78, 9.98], [9.96, 7.97, 5.02, 9.37, 5.82]]","[21, 8, 1]","[[3, 3, 3, 3, 3], [3, 3, 3, 3, 3], [3, 3, 3, 3, 3]]",1,True,[],0,34,control,1
False,"[[4.88, 3.53, 4.74, 7.46, 4.27], [9.96, 9.83, 10.0, 10.0, 10.0], [3.7, 9.58, 5.58, 5.27, 5.02]]","[19, 2, 9]","[[3, 3, 3, 3, 3], [3, 3, 3, 3, 3], [1, 1, 1, 1, 1]]",2,False,[],0,35,highlight,1
False,"[[6.34, 4.46, 5.61, 5.2, 8.16], [10.0, 9.99, 9.98, 9.99, 10.0], [3.91, 6.07, 4.3, 7.16, 6.76]]","[18, 9, 3]","[[3, 3, 3, 3, 3], [3, 3, 3, 3, 3], [3, 3, 3, 3, 3]]",0,True,[],0,36,control,1
False,"[[5.8, 6.59, 4.89, 4.99, 4.6], [10.0, 10.0, 9.36, 10.0, 9.98], [6.03, 5.51, 7.8, 6.12, 7.5]]","[1, 27, 2]","[[3, 3, 3, 3, 3], [1, 1, 1, 1, 1], [3, 3, 3, 3, 3]]",1,False,[],0,37,highlight,1
False,"[[4.68, 4.74, 4.36, 4.46, 5.41], [9.98, 10.0, 8.62, 8.5, 9.96], [5.03, 5.58, 9.21, 9.41, 7.81]]","[13, 15, 2]","[[3, 3, 3, 3, 3], [3, 3, 3, 3, 3], [3, 3, 3, 3, 3]]",2,True,[],0,38,control,1
False,"[[5.01, 5.28, 9.07, 2.09, 7.39], [9.99, 9.74, 9.94, 7.26, 9.99], [8.54, 9.12, 8.83, 9.69, 8.21]]","[5, 10, 15]","[[1, 1, 1, 1, 1], [3, 3, 3, 3, 3], [3, 3, 3, 3, 3]]",0,False,[],0,39,highlight,1
False,"[[5.74, 4.53, 4.58, 6.24, 5.02], [9.99, 9.99, 9.58, 10.0, 9.98], [6.87, 4.72, 8.42, 3.46, 7.44]]","[5, 20, 5]","[[3, 3, 3, 3, 3], [3, 3, 3, 3, 3], [3, 3, 3, 3, 3]]",1,True,[],0,40,control,1
False,"[[5.32, 4.44, 4.16, 4.9, 6.19], [9.94, 9.99, 9.98, 10.0, 8.9], [9.11, 9.2, 8.52, 8.95, 9.79]]","[1, 8, 21]","[[3, 3, 3, 3, 3], [3, 3, 3, 3, 3], [1, 1, 1, 1, 1]]",2,False,[],0,41,highlight,1
False,"[[8.06, 5.14, 5.59, 6.67, 8.64], [9.99, 9.98, 9.99, 9.99, 9.99], [8.53, 6.22, 5.4, 3.91, 7.85]]","[14, 14, 2]","[[3, 3, 3, 3, 3], [3, 3, 3, 3, 3], [3, 3, 3, 3, 3]]",0,True,[],0,42,control,1
False,"[[2.57, 5.12, 5.8, 5.28, 4.99], [9.69, 9.99, 10.0, 9.25, 10.0], [9.8, 6.47, 6.03, 8.54, 6.12]]","[1, 23, 6]","[[3, 3, 3, 3, 3], [1, 1, 1, 1, 1], [3, 3, 3, 3, 3]]",1,False,[],0,43,highlight,1
False,"[[5.46, 8.16, 6.6, 4.76, 4.55], [8.75, 9.99, 9.99, 9.89, 9.99], [9.34, 7.85, 7.92, 6.98, 1.4]]","[21, 5, 4]","[[3, 3, 3, 3, 3], [3, 3, 3, 3, 3], [3, 3, 3, 3, 3]]",2,True,[],0,44,control,1
False,"[[6.79, 6.17, 5.15, 4.44, 4.28], [10.0, 8.78, 9.86, 10.0, 9.97], [4.38, 9.37, 9.39, 2.64, 8.4]]","[2, 3, 25]","[[3, 3, 3, 3, 3], [1, 1, 1, 1, 1], [3, 3, 3, 3, 3]]",1,False,[],0,45,highlight,1
False,"[[5.11, 4.16, 4.54, 5.03, 5.45], [9.98, 9.98, 9.98, 8.95, 10.0], [3.7, 8.52, 8.79, 8.97, 8.22]]","[1, 26, 3]","[[3, 3, 3, 3, 3], [3, 3, 3, 3, 3], [3, 3, 3, 3, 3]]",1,True,[],0,46,control,1
False,"[[5.74, 6.59, 4.68, 4.53, 3.83], [9.99, 10.0, 9.5, 9.92, 9.92], [6.87, 5.51, 8.72, 7.03, 9.22]]","[1, 2, 27]","[[1, 1, 1, 1, 1], [3, 3, 3, 3, 3], [3, 3, 3, 3, 3]]",0,False,[],0,47,highlight,1
False,"[[4.21, 7.76, 5.66, 4.6, 4.87], [9.65, 10.0, 10.0, 9.99, 9.21], [8.24, 5.33, 3.27, 4.83, 9.19]]","[8, 16, 6]","[[3, 3, 3, 3, 3], [3, 3, 3, 3, 3], [3, 3, 3, 3, 3]]",2,True,[],0,48,control,1
False,"[[6.87, 5.45, 2.83, 5.5, 4.26], [9.99, 8.92, 8.7, 9.98, 9.97], [6.37, 9.54, 9.42, 6.1, 7.36]]","[9, 8, 13]","[[3, 3, 3, 3, 3], [3, 3, 3, 3, 3], [1, 1, 1, 1, 1]]",2,False,[],0,49,highlight,1
False,"[[8.13, 4.68, 7.23, 5.51, 4.49], [9.79, 9.21, 9.93, 9.37, 9.46], [9.17, 9.32, 9.3, 8.92, 8.16]]","[4, 16, 10]","[[3, 3, 3, 3, 3], [3, 3, 3, 3, 3], [3, 3, 3, 3, 3]]",1,True,[],0,50,control,1
False,"[[5.47, 4.86, 4.58, 4.12, 4.33], [9.99, 9.99, 9.99, 9.87, 9.96], [6.22, 5.27, 8.4, 7.18, 8.78]]","[2, 25, 3]","[[3, 3, 3, 3, 3], [1, 1, 1, 1, 1], [3, 3, 3, 3, 3]]",1,False,[],0,51,highlight,1
False,"[[5.39, 4.87, 5.09, 9.0, 3.91], [9.99, 9.67, 8.96, 9.96, 9.99], [7.97, 8.95, 9.96, 2.93, 8.31]]","[28, 1, 1]","[[3, 3, 3, 3, 3], [3, 3, 3, 3, 3], [3, 3, 3, 3, 3]]",0,True,[],0,52,control,1
False,"[[3.34, 5.49, 4.19, 5.28, 4.79], [8.31, 9.28, 9.14, 9.25, 10.0], [9.12, 9.03, 9.54, 8.54, 6.65]]","[10, 19, 1]","[[3, 3, 3, 3, 3], [1, 1, 1, 1, 1], [3, 3, 3, 3, 3]]",1,False,[],0,53,highlight,1
False,"[[4.47, 4.88, 5.45, 3.92, 4.42], [8.22, 9.96, 9.97, 8.66, 9.99], [9.29, 3.7, 8.56, 9.86, 6.29]]","[12, 5, 13]","[[3, 3, 3, 3, 3], [3, 3, 3, 3, 3], [3, 3, 3, 3, 3]]",0,True,[],0,54,control,1
False,"[[6.6, 5.98, 5.62, 4.65, 5.45], [9.99, 9.36, 9.99, 9.91, 9.97], [7.92, 9.79, 6.03, 7.16, 8.56]]","[17, 12, 1]","[[1, 1, 1, 1, 1], [3, 3, 3, 3, 3], [3, 3, 3, 3, 3]]",0,False,[],0,55,highlight,1
False,"[[5.76, 0.58, 5.49, 5.89, 4.73], [9.96, 8.48, 9.98, 9.95, 9.97], [7.75, 9.65, 6.9, 8.01, 5.85]]","[3, 17, 10]","[[3, 3, 3, 3, 3], [3, 3, 3, 3, 3], [3, 3, 3, 3, 3]]",2,True,[],0,56,control,1
False,"[[6.11, 3.77, 4.46, 6.71, 5.88], [9.36, 5.33, 9.99, 9.36, 9.99], [8.0, 9.57, 7.44, 7.93, 6.99]]","[7, 6, 17]","[[3, 3, 3, 3, 3], [3, 3, 3, 3, 3], [1, 1, 1, 1, 1]]",2,False,[],0,57,highlight,1
False,"[[5.59, 6.06, 5.71, 2.7, 7.22], [9.99, 9.95, 10.0, 9.45, 9.91], [5.4, 7.71, 5.33, 9.82, 9.14]]","[19, 2, 9]","[[3, 3, 3, 3, 3], [3, 3, 3, 3, 3], [3, 3, 3, 3, 3]]",1,True,[],0,58,control,1
False,"[[3.05, 4.44, 2.69, 4.43, 7.34], [6.78, 9.8, 9.59, 9.07, 9.07], [9.58, 8.82, 9.43, 10.0, 8.8]]","[10, 11, 9]","[[3, 3, 3, 3, 3], [1, 1, 1, 1, 1], [3, 3, 3, 3, 3]]",1,False,[],0,59,highlight,1
False,"[[4.43, 5.2, 4.9, 5.27, 6.48], [9.99, 9.99, 10.0, 9.59, 9.86], [6.93, 7.16, 8.95, 7.4, 9.32]]","[3, 5, 22]","[[3, 3, 3, 3, 3], [3, 3, 3, 3, 3], [3, 3, 3, 3, 3]]",2,True,[],0,60,control,1
False,"[[6.79, 6.23, 6.6, 0.58, 5.14], [10.0, 9.98, 9.99, 8.48, 9.35], [2.64, 7.3, 7.92, 9.65, 7.91]]","[3, 9, 18]","[[3, 3, 3, 3, 3], [1, 1, 1, 1, 1], [3, 3, 3, 3, 3]]",1,False,[],0,61,highlight,1
False,"[[4.28, 5.74, 4.83, 6.94, 4.3], [9.97, 9.99, 9.97, 10.0, 9.53], [8.4, 6.87, 6.1, 6.51, 9.3]]","[12, 15, 3]","[[3, 3, 3, 3, 3], [3, 3, 3, 3, 3], [3, 3, 3, 3, 3]]",0,True,[],0,62,control,1
False,"[[6.19, 5.49, 4.86, 4.32, 4.61], [9.99, 9.98, 9.99, 7.52, 9.98], [8.85, 6.9, 5.27, 9.33, 4.83]]","[3, 3, 24]","[[1, 1, 1, 1, 1], [3, 3, 3, 3, 3], [3, 3, 3, 3, 3]]",0,False,[],0,63,highlight,1
False,"[[5.9, 6.17, 7.9, 4.3, 3.9], [9.99, 8.78, 9.97, 9.53, 9.69], [7.92, 9.37, 7.96, 9.3, 9.64]]","[8, 7, 15]","[[3, 3, 3, 3, 3], [3, 3, 3, 3, 3], [3, 3, 3, 3, 3]]",0,True,[],0,64,control,1
False,"[[4.46, 6.31, 4.43, 5.39, 7.23], [8.5, 9.99, 9.07, 9.59, 9.93], [9.41, 7.15, 10.0, 8.69, 9.3]]","[7, 4, 19]","[[3, 3, 3, 3, 3], [3, 3, 3, 3, 3], [1, 1, 1, 1, 1]]",2,False,[],0,65,highlight,1
False,"[[4.68, 4.77, 3.53, 4.67, 4.61], [9.21, 9.41, 9.63, 10.0, 9.9], [9.32, 9.06, 9.83, 4.83, 7.38]]","[16, 9, 5]","[[3, 3, 3, 3, 3], [3, 3, 3, 3, 3], [3, 3, 3, 3, 3]]",0,True,[],0,66,control,1
False,"[[4.06, 6.01, 7.34, 5.56, 4.72], [9.98, 10.0, 9.07, 8.38, 9.97], [6.39, 5.81, 8.8, 9.21, 8.45]]","[23, 6, 1]","[[1, 1, 1, 1, 1], [3, 3, 3, 3, 3], [3, 3, 3, 3, 3]]",0,False,[],0,67,highlight,1
False,"[[6.02, 3.5, 5.0, 7.39, 1.11], [9.46, 9.08, 9.98, 9.99, 7.67], [8.67, 9.46, 5.62, 7.85, 9.96]]","[6, 1, 23]","[[3, 3, 3, 3, 3], [3, 3, 3, 3, 3], [3, 3, 3, 3, 3]]",0,True,[],0,68,control,1
False,"[[3.9, 3.05, 5.12, 5.85, 4.04], [9.91, 6.78, 9.99, 9.99, 9.98], [6.98, 9.58, 6.47, 7.96, 8.48]]","[4, 11, 15]","[[3, 3, 3, 3, 3], [3, 3, 3, 3, 3], [1, 1, 1, 1, 1]]",2,False,[],0,69,highlight,1
False,"[[4.12, 4.42, 3.43, 3.63, 5.62], [8.53, 10.0, 7.21, 9.98, 9.91], [8.46, 6.27, 9.48, 9.37, 6.98]]","[16, 4, 10]","[[3, 3, 3, 3, 3], [3, 3, 3, 3, 3], [3, 3, 3, 3, 3]]",2,True,[],0,70,control,1
False,"[[6.24, 6.17, 3.85, 5.73, 9.02], [10.0, 9.99, 9.86, 9.95, 9.97], [3.46, 8.43, 7.57, 7.96, 8.4]]","[2, 1, 27]","[[3, 3, 3, 3, 3], [3, 3, 3, 3, 3], [1, 1, 1, 1, 1]]",2,False,[],0,71,highlight,1
False,"[[5.08, 8.58, 4.51, 5.04, 5.12], [9.98, 9.96, 9.96, 9.17, 9.99], [5.82, 8.1, 7.39, 9.27, 6.47]]","[26, 1, 3]","[[3, 3, 3, 3, 3], [3, 3, 3, 3, 3], [3, 3, 3, 3, 3]]",0,True,[],0,72,control,1
False,"[[5.43, 5.1, 4.6, 7.22, 4.04], [9.57, 7.99, 9.99, 9.91, 9.98], [8.75, 9.77, 4.83, 9.14, 8.48]]","[1, 21, 8]","[[3, 3, 3, 3, 3], [1, 1, 1, 1, 1], [3, 3, 3, 3, 3]]",1,False,[],0,73,highlight,1
False,"[[4.89, 7.38, 5.05, 4.61, 5.55], [9.52, 9.95, 9.99, 9.9, 8.8], [8.75, 7.69, 8.5, 7.38, 9.22]]","[3, 9, 18]","[[3, 3, 3, 3, 3], [3, 3, 3, 3, 3], [3, 3, 3, 3, 3]]",2,True,[],0,74,control,1
False,"[[5.74, 5.33, 6.13, 4.64, 7.38], [9.99, 9.99, 9.99, 9.99, 9.95], [6.87, 3.91, 7.32, 9.11, 7.69]]","[2, 25, 3]","[[3, 3, 3, 3, 3], [1, 1, 1, 1, 1], [3, 3, 3, 3, 3]]",1,False,[],0,75,highlight,1
False,"[[4.8, 7.91, 4.44, 2.78, 5.6], [9.99, 9.98, 9.99, 9.87, 9.45], [6.22, 7.06, 9.2, 9.56, 8.93]]","[4, 17, 9]","[[3, 3, 3, 3, 3], [3, 3, 3, 3, 3], [3, 3, 3, 3, 3]]",0,True,[],0,76,control,1
False,"[[6.36, 5.2, 6.55, 8.98, 4.43], [9.93, 9.99, 9.48, 9.96, 9.99], [8.05, 7.16, 8.72, 7.71, 6.93]]","[3, 13, 14]","[[3, 3, 3, 3, 3], [1, 1, 1, 1, 1], [3, 3, 3, 3, 3]]",1,False,[],0,77,highlight,1
False,"[[4.44, 5.01, 5.03, 3.55, 4.53], [9.99, 9.97, 8.85, 9.98, 9.99], [5.12, 9.56, 9.05, 9.43, 4.72]]","[1, 1, 28]","[[3, 3, 3, 3, 3], [3, 3, 3, 3, 3], [3, 3, 3, 3, 3]]",2,True,[],0,78,control,1
False,"[[2.94, 4.8, 4.89, 4.98, 7.39], [9.98, 9.99, 9.95, 10.0, 9.99], [9.37, 7.17, 7.39, 5.33, 8.21]]","[15, 10, 5]","[[3, 3, 3, 3, 3], [3, 3, 3, 3, 3], [1, 1, 1, 1, 1]]",2,False,[],0,79,highlight,1
False,"[[3.53, 5.8, 3.63, 5.65, 5.66], [9.83, 10.0, 9.91, 9.84, 9.35], [9.58, 6.03, 7.57, 9.42, 8.48]]","[14, 2, 14]","[[3, 3, 3, 3, 3], [3, 3, 3, 3, 3], [3, 3, 3, 3, 3]]",0,True,[],0,80,control,1
False,"[[5.07, 4.27, 4.71, 4.55, 5.54], [10.0, 9.98, 9.99, 9.99, 10.0], [4.37, 5.28, 7.79, 1.4, 4.38]]","[9, 1, 20]","[[3, 3, 3, 3, 3], [1, 1, 1, 1, 1], [3, 3, 3, 3, 3]]",1,False,[],0,81,highlight,1
False,"[[4.4, 6.26, 5.45, 7.39, 3.85], [9.98, 9.99, 9.34, 9.99, 9.99], [9.26, 6.61, 9.5, 7.85, 8.67]]","[9, 20, 1]","[[3, 3, 3, 3, 3], [3, 3, 3, 3, 3], [3, 3, 3, 3, 3]]",1,True,[],0,82,control,1
False,"[[5.03, 1.11, 5.09, 6.53, 9.85], [8.95, 7.67, 8.96, 10.0, 9.93], [8.97, 9.96, 9.96, 6.26, 9.39]]","[12, 11, 7]","[[3, 3, 3, 3, 3], [3, 3, 3, 3, 3], [1, 1, 1, 1, 1]]",2,False,[],0,83,highlight,1
False,"[[4.4, 4.21, 4.8, 5.45, 9.27], [9.98, 9.89, 9.85, 8.92, 9.94], [9.26, 8.89, 9.43, 9.54, 8.95]]","[24, 1, 5]","[[3, 3, 3, 3, 3], [3, 3, 3, 3, 3], [3, 3, 3, 3, 3]]",0,True,[],0,84,control,1
False,"[[3.84, 5.62, 5.5, 5.56, 4.37], [9.01, 9.91, 7.97, 8.38, 9.99], [9.15, 6.98, 9.36, 9.21, 7.96]]","[1, 21, 8]","[[3, 3, 3, 3, 3], [1, 1, 1, 1, 1], [3, 3, 3, 3, 3]]",1,False,[],0,85,highlight,1
False,"[[4.43, 4.44, 6.51, 5.75, 4.61], [9.73, 10.0, 9.99, 9.99, 9.98], [7.64, 2.64, 2.93, 8.44, 7.53]]","[4, 14, 12]","[[3, 3, 3, 3, 3], [3, 3, 3, 3, 3], [3, 3, 3, 3, 3]]",0,True,[],0,86,control,1
False,"[[6.06, 5.25, 4.92, 4.99, 3.53], [9.95, 10.0, 9.42, 10.0, 9.96], [7.71, 6.12, 8.55, 6.12, 7.69]]","[3, 17, 10]","[[3, 3, 3, 3, 3], [1, 1, 1, 1, 1], [3, 3, 3, 3, 3]]",1,False,[],0,87,highlight,1
False,"[[4.42, 4.68, 4.6, 3.43, 3.85], [9.99, 9.21, 9.98, 7.21, 9.98], [6.29, 9.32, 6.22, 9.48, 8.84]]","[26, 1, 3]","[[3, 3, 3, 3, 3], [3, 3, 3, 3, 3], [3, 3, 3, 3, 3]]",0,True,[],0,88,control,1
False,"[[5.1, 5.36, 6.25, 5.39, 3.85], [7.99, 9.99, 8.67, 9.99, 9.86], [9.77, 4.63, 9.4, 7.97, 7.57]]","[27, 1, 2]","[[1, 1, 1, 1, 1], [3, 3, 3, 3, 3], [3, 3, 3, 3, 3]]",0,False,[],0,89,highlight,1
False,"[[4.89, 4.95, 4.71, 6.55, 5.68], [9.95, 9.86, 9.98, 9.48, 9.47], [7.39, 7.41, 8.53, 8.72, 8.81]]","[1, 1, 28]","[[3, 3, 3, 3, 3], [3, 3, 3, 3, 3], [3, 3, 3, 3, 3]]",2,True,[],0,90,control,1
False,"[[5.0, 5.0, 5.5, 4.69, 4.3], [9.98, 9.98, 9.98, 9.99, 9.53], [5.62, 5.82, 3.91, 6.02, 9.3]]","[4, 3, 23]","[[3, 3, 3, 3, 3], [3, 3, 3, 3, 3], [1, 1, 1, 1, 1]]",2,False,[],0,91,highlight,1
False,"[[5.33, 5.27, 6.23, 4.46, 4.79], [8.4, 9.97, 9.98, 9.99, 10.0], [9.6, 6.1, 7.3, 7.44, 6.65]]","[16, 8, 6]","[[3, 3, 3, 3, 3], [3, 3, 3, 3, 3], [3, 3, 3, 3, 3]]",1,True,[],0,92,control,1
False,"[[4.4, 4.43, 4.99, 5.06, 5.6], [9.97, 9.86, 9.51, 5.77, 8.88], [7.0, 8.82, 8.27, 9.33, 9.23]]","[23, 4, 3]","[[3, 3, 3, 3, 3], [3, 3, 3, 3, 3], [1, 1, 1, 1, 1]]",2,False,[],0,93,highlight,1
False,"[[9.0, 4.83, 4.92, 4.97, 5.9], [9.96, 9.24, 9.84, 9.99, 9.99], [2.93, 8.56, 9.44, 8.04, 7.92]]","[6, 20, 4]","[[3, 3, 3, 3, 3], [3, 3, 3, 3, 3], [3, 3, 3, 3, 3]]",1,True,[],0,94,control,1
False,"[[4.67, 7.59, 9.07, 4.36, 5.61], [10.0, 9.94, 9.94, 8.62, 9.98], [4.83, 9.08, 8.83, 9.21, 4.3]]","[18, 1, 11]","[[3, 3, 3, 3, 3], [1, 1, 1, 1, 1], [3, 3, 3, 3, 3]]",1,False,[],0,95,highlight,1
False,"[[6.87, 4.44, 5.15, 6.74, 7.14], [9.99, 9.74, 9.86, 9.99, 10.0], [5.51, 8.86, 9.39, 7.92, 4.38]]","[9, 5, 16]","[[3, 3, 3, 3, 3], [3, 3, 3, 3, 3], [3, 3, 3, 3, 3]]",2,True,[],0,96,control,1
False,"[[5.62, 4.6, 3.53, 9.89, 4.92], [9.99, 9.98, 9.96, 9.94, 9.84], [6.03, 6.22, 7.69, 8.4, 9.44]]","[5, 17, 8]","[[1, 1, 1, 1, 1], [3, 3, 3, 3, 3], [3, 3, 3, 3, 3]]",0,False,[],0,97,highlight,1
False,"[[7.22, 4.89, 5.41, 1.11, 4.04], [9.91, 9.52, 9.96, 7.67, 9.98], [9.14, 8.75, 7.81, 9.96, 8.48]]","[12, 6, 12]","[[3, 3, 3, 3, 3], [3, 3, 3, 3, 3], [3, 3, 3, 3, 3]]",2,True,[],0,98,control,1
False,"[[7.34, 4.3, 6.29, 4.49, 3.65], [9.07, 9.53, 9.93, 9.46, 9.54], [8.8, 9.3, 9.2, 8.16, 9.74]]","[7, 3, 20]","[[1, 1, 1, 1, 1], [3, 3, 3, 3, 3], [3, 3, 3, 3, 3]]",0,False,[],0,99,highlight,1
False,"[[4.42, 4.88, 2.7, 6.36, 3.92], [9.99, 10.0, 9.45, 9.93, 8.66], [6.29, 2.64, 9.82, 8.05, 9.86]]","[2, 10, 18]","[[3, 3, 3, 3, 3], [3, 3, 3, 3, 3], [3, 3, 3, 3, 3]]",2,True,[],0,100,control,1
False,"[[1.84, 4.53, 4.94, 4.92, 5.09], [4.86, 9.97, 9.99, 9.73, 8.96], [9.52, 8.86, 7.31, 9.74, 9.96]]","[9, 3, 18]","[[1, 1, 1, 1, 1], [3, 3, 3, 3, 3], [3, 3, 3, 3, 3]]",0,False,[],0,101,highlight,1
False,"[[3.9, 3.85, 4.49, 2.83, 7.46], [9.69, 9.86, 9.46, 8.7, 10.0], [9.64, 7.57, 8.16, 9.42, 5.27]]","[7, 10, 13]","[[3, 3, 3, 3, 3], [3, 3, 3, 3, 3], [3, 3, 3, 3, 3]]",1,True,[],0,102,control,1
False,"[[4.26, 4.68, 5.33, 2.94, 4.39], [9.97, 9.99, 8.4, 9.98, 9.99], [7.07, 9.03, 9.6, 9.37, 7.45]]","[13, 13, 4]","[[3, 3, 3, 3, 3], [1, 1, 1, 1, 1], [3, 3, 3, 3, 3]]",1,False,[],0,103,highlight,1
False,"[[5.5, 9.02, 4.21, 4.42, 4.33], [7.97, 9.97, 9.65, 9.99, 9.96], [9.36, 8.4, 8.24, 8.97, 8.78]]","[22, 3, 5]","[[3, 3, 3, 3, 3], [3, 3, 3, 3, 3], [3, 3, 3, 3, 3]]",0,True,[],0,104,control,1
False,"[[4.61, 4.53, 4.46, 5.44, 3.29], [9.99, 8.25, 10.0, 9.49, 8.11], [6.65, 8.38, 4.37, 8.74, 9.73]]","[14, 5, 11]","[[3, 3, 3, 3, 3], [3, 3, 3, 3, 3], [1, 1, 1, 1, 1]]",2,False,[],0,105,highlight,1
False,"[[6.93, 4.53, 4.83, 6.79, 5.45], [9.99, 9.92, 9.24, 10.0, 8.92], [5.13, 7.03, 8.56, 4.38, 9.54]]","[7, 9, 14]","[[3, 3, 3, 3, 3], [3, 3, 3, 3, 3], [3, 3, 3, 3, 3]]",2,True,[],0,106,control,1
False,"[[5.03, 5.39, 5.71, 6.94, 6.29], [8.85, 9.93, 10.0, 10.0, 9.93], [9.05, 8.91, 5.33, 6.51, 9.2]]","[13, 2, 15]","[[3, 3, 3, 3, 3], [3, 3, 3, 3, 3], [1, 1, 1, 1, 1]]",2,False,[],0,107,highlight,1
False,"[[7.39, 4.42, 4.47, 5.5, 3.42], [9.99, 9.99, 10.0, 9.96, 9.95], [8.21, 8.97, 5.92, 9.38, 7.5]]","[21, 3, 6]","[[3, 3, 3, 3, 3], [3, 3, 3, 3, 3], [3, 3, 3, 3, 3]]",2,True,[],0,108,control,1
False,"[[6.85, 4.27, 8.58, 5.08, 4.91], [10.0, 9.98, 9.96, 8.99, 9.81], [4.07, 5.28, 8.1, 9.1, 9.56]]","[2, 9, 19]","[[3, 3, 3, 3, 3], [3, 3, 3, 3, 3], [1, 1, 1, 1, 1]]",2,False,[],0,109,highlight,1
False,"[[7.05, 6.9, 4.61, 5.0, 3.85], [10.0, 9.95, 9.99, 9.98, 9.99], [4.63, 8.1, 6.65, 5.82, 8.67]]","[18, 10, 2]","[[3, 3, 3, 3, 3], [3, 3, 3, 3, 3], [3, 3, 3, 3, 3]]",2,True,[],0,110,control,1
False,"[[4.52, 3.5, 4.45, 4.46, 3.11], [9.99, 9.08, 9.99, 9.99, 9.74], [7.46, 9.46, 5.12, 7.44, 9.64]]","[3, 2, 25]","[[3, 3, 3, 3, 3], [3, 3, 3, 3, 3], [1, 1, 1, 1, 1]]",2,False,[],0,111,highlight,1
False,"[[4.12, 7.11, 6.67, 2.7, 5.61], [9.87, 10.0, 9.99, 9.45, 9.98], [7.18, 4.38, 3.91, 9.82, 4.3]]","[24, 1, 5]","[[3, 3, 3, 3, 3], [3, 3, 3, 3, 3], [3, 3, 3, 3, 3]]",0,True,[],0,112,control,1
False,"[[6.15, 5.45, 5.28, 5.75, 4.1], [9.99, 9.97, 9.99, 9.99, 9.87], [5.82, 8.56, 8.01, 8.44, 7.58]]","[15, 12, 3]","[[3, 3, 3, 3, 3], [3, 3, 3, 3, 3], [1, 1, 1, 1, 1]]",2,False,[],0,113,highlight,1
False,"[[4.92, 5.03, 9.22, 5.25, 9.07], [9.84, 8.95, 9.83, 9.13, 9.94], [9.44, 8.97, 9.06, 8.5, 8.83]]","[11, 16, 3]","[[3, 3, 3, 3, 3], [3, 3, 3, 3, 3], [3, 3, 3, 3, 3]]",1,True,[],0,114,control,1
False,"[[4.92, 4.46, 5.88, 4.99, 4.89], [9.99, 8.5, 8.75, 9.95, 9.95], [6.02, 9.41, 9.1, 8.26, 7.39]]","[3, 8, 19]","[[3, 3, 3, 3, 3], [3, 3, 3, 3, 3], [1, 1, 1, 1, 1]]",2,False,[],0,115,highlight,1
False,"[[3.63, 4.47, 4.21, 3.94, 6.07], [5.69, 10.0, 9.89, 9.17, 8.93], [9.67, 5.92, 8.89, 9.7, 8.76]]","[12, 2, 16]","[[3, 3, 3, 3, 3], [3, 3, 3, 3, 3], [3, 3, 3, 3, 3]]",0,True,[],0,116,control,1
False,"[[4.46, 3.55, 4.42, 6.71, 5.15], [8.5, 9.97, 9.99, 9.36, 9.86], [9.41, 7.76, 6.29, 7.93, 9.39]]","[27, 2, 1]","[[1, 1, 1, 1, 1], [3, 3, 3, 3, 3], [3, 3, 3, 3, 3]]",0,False,[],0,117,highlight,1
False,"[[4.89, 3.11, 5.09, 3.85, 6.11], [10.0, 9.74, 8.96, 9.86, 9.36], [4.83, 9.64, 9.96, 7.57, 8.0]]","[4, 4, 22]","[[3, 3, 3, 3, 3], [3, 3, 3, 3, 3], [3, 3, 3, 3, 3]]",2,True,[],0,118,control,1
False,"[[3.63, 6.29, 4.53, 6.48, 5.39], [5.69, 9.93, 9.92, 9.86, 9.93], [9.67, 9.2, 7.03, 9.32, 8.91]]","[22, 1, 7]","[[3, 3, 3, 3, 3], [1, 1, 1, 1, 1], [3, 3, 3, 3, 3]]",1,False,[],0,119,highlight,1
False,"[[5.78, 4.12, 8.58, 5.93, 4.99], [9.99, 9.87, 9.96, 9.39, 9.99], [1.29, 7.18, 8.1, 8.89, 8.83]]","[18, 5, 7]","[[3, 3, 3, 3, 3], [3, 3, 3, 3, 3], [3, 3, 3, 3, 3]]",0,True,[],0,120,control,1
False,"[[5.78, 3.96, 5.41, 5.21, 3.42], [10.0, 9.76, 10.0, 9.99, 9.95], [7.31, 9.65, 2.67, 7.34, 7.5]]","[6, 9, 15]","[[3, 3, 3, 3, 3], [1, 1, 1, 1, 1], [3, 3, 3, 3, 3]]",1,False,[],0,121,highlight,1
False,"[[3.92, 4.58, 4.86, 4.26, 4.44], [9.98, 9.99, 9.93, 9.97, 9.8], [3.79, 8.4, 6.97, 7.07, 8.82]]","[6, 8, 16]","[[3, 3, 3, 3, 3], [3, 3, 3, 3, 3], [3, 3, 3, 3, 3]]",1,True,[],0,122,control,1
False,"[[8.13, 5.16, 5.28, 4.6, 5.8], [9.79, 9.98, 9.25, 9.99, 10.0], [9.17, 8.98, 8.54, 9.13, 6.03]]","[5, 18, 7]","[[1, 1, 1, 1, 1], [3, 3, 3, 3, 3], [3, 3, 3, 3, 3]]",0,False,[],0,123,highlight,1
False,"[[8.37, 5.43, 4.53, 4.44, 4.53], [9.77, 9.99, 9.92, 9.99, 8.25], [9.17, 4.63, 7.03, 9.2, 8.38]]","[28, 1, 1]","[[3, 3, 3, 3, 3], [3, 3, 3, 3, 3], [3, 3, 3, 3, 3]]",0,True,[],0,124,control,1
False,"[[6.55, 4.32, 4.45, 7.53, 5.22], [9.99, 9.89, 9.99, 9.84, 9.99], [6.03, 7.3, 5.12, 9.23, 6.93]]","[4, 13, 13]","[[3, 3, 3, 3, 3], [3, 3, 3, 3, 3], [1, 1, 1, 1, 1]]",2,False,[],0,125,highlight,1
False,"[[5.43, 4.94, 6.31, 4.36, 7.07], [9.57, 9.99, 8.38, 9.93, 10.0], [8.75, 7.31, 9.69, 6.94, 3.12]]","[3, 20, 7]","[[3, 3, 3, 3, 3], [3, 3, 3, 3, 3], [3, 3, 3, 3, 3]]",1,True,[],0,126,control,1
False,"[[5.73, 5.04, 6.94, 6.05, 4.7], [9.99, 9.17, 10.0, 9.98, 10.0], [5.61, 9.27, 6.51, 3.91, 3.74]]","[4, 7, 19]","[[3, 3, 3, 3, 3], [1, 1, 1, 1, 1], [3, 3, 3, 3, 3]]",1,False,[],0,127,highlight,1
False,"[[5.49, 2.62, 5.81, 6.11, 2.53], [9.28, 9.73, 9.99, 9.25, 8.39], [9.03, 9.7, 8.77, 8.91, 9.58]]","[25, 4, 1]","[[3, 3, 3, 3, 3], [3, 3, 3, 3, 3], [3, 3, 3, 3, 3]]",1,True,[],0,128,control,1
False,"[[4.55, 3.5, 5.62, 6.89, 6.64], [9.08, 9.97, 9.99, 9.99, 10.0], [8.5, 8.48, 6.03, 8.57, 6.12]]","[4, 25, 1]","[[3, 3, 3, 3, 3], [1, 1, 1, 1, 1], [3, 3, 3, 3, 3]]",1,False,[],0,129,highlight,1
False,"[[5.11, 5.62, 5.41, 6.98, 3.9], [9.97, 9.99, 10.0, 9.94, 9.69], [8.71, 6.03, 2.67, 9.11, 9.64]]","[10, 17, 3]","[[3, 3, 3, 3, 3], [3, 3, 3, 3, 3], [3, 3, 3, 3, 3]]",0,True,[],0,130,control,1
False,"[[4.68, 4.4, 6.62, 4.86, 6.21], [9.98, 9.99, 9.27, 9.93, 10.0], [5.03, 8.57, 9.93, 6.97, 5.37]]","[5, 2, 23]","[[3, 3, 3, 3, 3], [3, 3, 3, 3, 3], [1, 1, 1, 1, 1]]",2,False,[],0,131,highlight,1
False,"[[6.17, 5.15, 5.09, 3.53, 5.55], [8.78, 9.86, 8.96, 9.83, 9.99], [9.37, 9.39, 9.96, 9.58, 4.46]]","[6, 18, 6]","[[3, 3, 3, 3, 3], [3, 3, 3, 3, 3], [3, 3, 3, 3, 3]]",0,True,[],0,132,control,1
False,"[[4.91, 4.47, 4.8, 6.47, 4.12], [9.99, 10.0, 9.99, 10.0, 9.87], [7.62, 5.92, 6.22, 3.03, 7.18]]","[17, 1, 12]","[[1, 1, 1, 1, 1], [3, 3, 3, 3, 3], [3, 3, 3, 3, 3]]",0,False,[],0,133,highlight,1
False,"[[5.88, 5.81, 5.66, 3.97, 5.6], [10.0, 9.99, 9.35, 9.98, 9.99], [6.37, 8.77, 8.48, 5.5, 7.26]]","[1, 5, 24]","[[3, 3, 3, 3, 3], [3, 3, 3, 3, 3], [3, 3, 3, 3, 3]]",2,True,[],0,134,control,1
False,"[[4.99, 5.76, 4.4, 4.8, 5.45], [10.0, 9.96, 9.97, 9.99, 8.91], [6.12, 7.75, 7.0, 7.17, 9.15]]","[9, 15, 6]","[[3, 3, 3, 3, 3], [1, 1, 1, 1, 1], [3, 3, 3, 3, 3]]",1,False,[],0,135,highlight,1
False,"[[3.11, 5.47, 4.74, 4.27, 4.53], [9.74, 9.99, 10.0, 10.0, 9.97], [9.64, 8.62, 5.58, 5.02, 8.86]]","[1, 26, 3]","[[3, 3, 3, 3, 3], [3, 3, 3, 3, 3], [3, 3, 3, 3, 3]]",1,True,[],0,136,control,1
False,"[[5.5, 4.36, 5.01, 4.32, 4.87], [9.96, 8.62, 9.99, 7.52, 9.21], [9.38, 9.21, 8.54, 9.33, 9.19]]","[4, 21, 5]","[[3, 3, 3, 3, 3], [1, 1, 1, 1, 1], [3, 3, 3, 3, 3]]",1,False,[],0,137,highlight,1
False,"[[6.19, 2.69, 2.09, 4.61, 7.49], [8.9, 9.59, 7.26, 9.99, 9.94], [9.79, 9.43, 9.69, 6.65, 8.42]]","[3, 13, 14]","[[3, 3, 3, 3, 3], [3, 3, 3, 3, 3], [3, 3, 3, 3, 3]]",2,True,[],0,138,control,1
False,"[[4.7, 6.29, 5.07, 5.6, 4.6], [9.99, 9.93, 9.12, 9.45, 9.98], [5.97, 9.2, 8.33, 8.93, 7.5]]","[8, 11, 11]","[[3, 3, 3, 3, 3], [1, 1, 1, 1, 1], [3, 3, 3, 3, 3]]",1,False,[],0,139,highlight,1
False,"[[4.73, 5.47, 3.5, 5.11, 4.73], [10.0, 9.15, 9.08, 9.55, 9.97], [4.99, 9.04, 9.46, 8.21, 5.85]]","[2, 10, 18]","[[3, 3, 3, 3, 3], [3, 3, 3, 3, 3], [3, 3, 3, 3, 3]]",0,True,[],0,140,control,1
False,"[[6.71, 4.33, 6.74, 6.35, 6.07], [9.36, 9.96, 9.99, 10.0, 9.98], [7.93, 8.78, 7.92, 5.15, 8.5]]","[23, 4, 3]","[[1, 1, 1, 1, 1], [3, 3, 3, 3, 3], [3, 3, 3, 3, 3]]",0,False,[],0,141,highlight,1
False,"[[5.86, 5.65, 2.83, 4.63, 6.07], [9.93, 9.99, 8.7, 9.48, 10.0], [8.05, 4.83, 9.42, 8.68, 0.0]]","[2, 11, 17]","[[3, 3, 3, 3, 3], [3, 3, 3, 3, 3], [3, 3, 3, 3, 3]]",0,True,[],0,142,control,1
False,"[[5.76, 5.76, 6.3, 5.15, 5.72], [10.0, 9.96, 10.0, 9.86, 9.99], [4.37, 7.75, 8.13, 9.39, 8.18]]","[2, 27, 1]","[[3, 3, 3, 3, 3], [1, 1, 1, 1, 1], [3, 3, 3, 3, 3]]",1,False,[],0,143,highlight,1
False,"[[4.84, 4.12, 4.86, 7.39, 9.0], [9.96, 8.53, 9.82, 9.99, 9.96], [7.71, 8.46, 7.61, 7.85, 2.93]]","[4, 20, 6]","[[3, 3, 3, 3, 3], [3, 3, 3, 3, 3], [3, 3, 3, 3, 3]]",2,True,[],0,144,control,1
False,"[[4.7, 4.32, 4.96, 8.37, 5.86], [10.0, 9.89, 9.6, 9.77, 10.0], [3.74, 7.3, 9.44, 9.17, 6.12]]","[15, 3, 12]","[[1, 1, 1, 1, 1], [3, 3, 3, 3, 3], [3, 3, 3, 3, 3]]",0,False,[],0,145,highlight,1
False,"[[5.1, 3.91, 5.97, 5.55, 7.28], [7.99, 9.98, 9.99, 8.8, 9.94], [9.77, 5.49, 5.61, 9.22, 7.26]]","[2, 8, 20]","[[3, 3, 3, 3, 3], [3, 3, 3, 3, 3], [3, 3, 3, 3, 3]]",2,True,[],0,146,control,1
False,"[[4.64, 5.62, 5.88, 6.39, 9.27], [9.94, 9.91, 9.94, 9.99, 9.94], [7.69, 6.98, 7.26, 5.27, 8.95]]","[2, 17, 11]","[[3, 3, 3, 3, 3], [1, 1, 1, 1, 1], [3, 3, 3, 3, 3]]",1,False,[],0,147,highlight,1
False,"[[4.4, 4.42, 4.61, 6.11, 5.61], [9.98, 9.99, 9.99, 9.36, 9.98], [9.26, 6.29, 6.65, 8.0, 4.3]]","[10, 6, 14]","[[3, 3, 3, 3, 3], [3, 3, 3, 3, 3], [3, 3, 3, 3, 3]]",0,True,[],0,148,control,1
False,"[[5.09, 1.55, 2.78, 3.28, 4.12], [9.36, 7.74, 9.87, 9.73, 9.22], [9.2, 9.72, 9.56, 9.45, 9.28]]","[6, 11, 13]","[[3, 3, 3, 3, 3], [3, 3, 3, 3, 3], [1, 1, 1, 1, 1]]",2,False,[],0,149,highlight,1
False,"[[4.37, 4.26, 5.03, 5.73, 4.45], [9.99, 9.97, 8.85, 9.99, 9.99], [7.96, 7.07, 9.05, 5.61, 5.12]]","[1, 24, 5]","[[3, 3, 3, 3, 3], [3, 3, 3, 3, 3], [3, 3, 3, 3, 3]]",1,True,[],0,150,control,1
False,"[[4.47, 4.91, 6.31, 8.22, 1.11], [8.22, 9.91, 8.38, 10.0, 7.92], [9.29, 8.63, 9.69, 6.37, 9.99]]","[11, 9, 10]","[[1, 1, 1, 1, 1], [3, 3, 3, 3, 3], [3, 3, 3, 3, 3]]",0,False,[],0,151,highlight,1
False,"[[4.67, 6.07, 6.94, 5.97, 5.4], [10.0, 10.0, 9.99, 9.99, 8.95], [4.83, 6.12, 6.87, 5.61, 9.24]]","[8, 14, 8]","[[3, 3, 3, 3, 3], [3, 3, 3, 3, 3], [3, 3, 3, 3, 3]]",2,True,[],0,152,control,1
False,"[[7.07, 8.22, 4.36, 6.25, 3.75], [10.0, 10.0, 9.93, 8.67, 9.1], [3.12, 6.37, 6.94, 9.4, 9.63]]","[2, 3, 25]","[[3, 3, 3, 3, 3], [3, 3, 3, 3, 3], [1, 1, 1, 1, 1]]",2,False,[],0,153,highlight,1
False,"[[5.93, 0.58, 4.18, 4.6, 4.71], [9.39, 8.48, 9.98, 9.99, 9.98], [8.89, 9.65, 4.46, 4.83, 8.53]]","[1, 28, 1]","[[3, 3, 3, 3, 3], [3, 3, 3, 3, 3], [3, 3, 3, 3, 3]]",1,True,[],0,154,control,1
False,"[[4.81, 4.83, 4.8, 6.9, 5.47], [9.85, 9.97, 9.99, 9.95, 10.0], [7.23, 6.1, 7.17, 8.1, 8.22]]","[19, 9, 2]","[[1, 1, 1, 1, 1], [3, 3, 3, 3, 3], [3, 3, 3, 3, 3]]",0,False,[],0,155,highlight,1
False,"[[3.96, 4.44, 5.28, 4.4, 5.92], [8.95, 9.74, 10.0, 9.97, 8.28], [9.37, 8.86, 4.37, 7.0, 9.8]]","[22, 3, 5]","[[3, 3, 3, 3, 3], [3, 3, 3, 3, 3], [3, 3, 3, 3, 3]]",0,True,[],0,156,control,1
False,"[[6.55, 3.63, 5.47, 4.39, 6.07], [9.48, 9.91, 9.15, 9.99, 10.0], [8.72, 7.57, 9.04, 7.45, 6.12]]","[1, 14, 15]","[[1, 1, 1, 1, 1], [3, 3, 3, 3, 3], [3, 3, 3, 3, 3]]",0,False,[],0,157,highlight,1
False,"[[4.4, 3.34, 8.58, 6.62, 7.11], [9.97, 7.09, 9.96, 9.91, 10.0], [7.0, 9.53, 8.1, 9.09, 4.38]]","[18, 3, 9]","[[3, 3, 3, 3, 3], [3, 3, 3, 3, 3], [3, 3, 3, 3, 3]]",0,True,[],0,158,control,1
False,"[[4.68, 5.36, 4.81, 6.71, 5.03], [9.21, 9.99, 9.99, 9.36, 8.85], [9.32, 4.63, 5.82, 7.93, 9.05]]","[5, 16, 9]","[[3, 3, 3, 3, 3], [3, 3, 3, 3, 3], [1, 1, 1, 1, 1]]",2,False,[],0,159,highlight,1
False,"[[4.09, 4.36, 4.32, 6.93, 5.25], [9.97, 9.93, 7.52, 9.99, 10.0], [9.4, 6.94, 9.33, 5.13, 6.12]]","[26, 3, 1]","[[3, 3, 3, 3, 3], [3, 3, 3, 3, 3], [3, 3, 3, 3, 3]]",0,True,[],0,160,control,1
False,"[[2.94, 5.85, 4.37, 7.76, 6.06], [9.98, 9.99, 9.99, 10.0, 9.95], [9.37, 7.96, 7.96, 5.33, 7.71]]","[24, 1, 5]","[[3, 3, 3, 3, 3], [3, 3, 3, 3, 3], [1, 1, 1, 1, 1]]",2,False,[],0,161,highlight,1
False,"[[6.17, 5.93, 4.6, 1.11, 6.54], [9.99, 8.42, 9.98, 7.92, 9.99], [7.58, 9.64, 6.22, 9.99, 9.06]]","[18, 8, 4]","[[3, 3, 3, 3, 3], [3, 3, 3, 3, 3], [3, 3, 3, 3, 3]]",2,True,[],0,162,control,1
False,"[[5.47, 3.9, 6.53, 4.99, 4.44], [9.99, 9.91, 10.0, 9.51, 9.74], [8.62, 6.98, 6.26, 8.27, 8.86]]","[21, 7, 2]","[[1, 1, 1, 1, 1], [3, 3, 3, 3, 3], [3, 3, 3, 3, 3]]",0,False,[],0,163,highlight,1
False,"[[4.92, 4.89, 4.39, 6.17, 4.36], [9.99, 9.95, 8.89, 8.78, 9.98], [9.1, 7.39, 9.66, 9.37, 9.02]]","[12, 14, 4]","[[3, 3, 3, 3, 3], [3, 3, 3, 3, 3], [3, 3, 3, 3, 3]]",1,True,[],0,164,control,1
False,"[[4.73, 2.79, 6.26, 5.48, 3.53], [9.98, 9.82, 9.99, 10.0, 9.63], [8.76, 9.72, 6.61, 6.51, 9.83]]","[3, 20, 7]","[[3, 3, 3, 3, 3], [3, 3, 3, 3, 3], [1, 1, 1, 1, 1]]",2,False,[],0,165,highlight,1
False,"[[4.89, 5.51, 5.45, 5.9, 5.21], [9.95, 9.98, 9.34, 9.99, 9.99], [7.39, 4.3, 9.5, 7.92, 7.34]]","[16, 6, 8]","[[3, 3, 3, 3, 3], [3, 3, 3, 3, 3], [3, 3, 3, 3, 3]]",0,True,[],0,166,control,1
False,"[[5.15, 5.28, 10.0, 9.15, 2.78], [9.57, 9.99, 9.61, 9.94, 9.87], [8.94, 5.15, 9.3, 7.54, 9.56]]","[25, 3, 2]","[[3, 3, 3, 3, 3], [1, 1, 1, 1, 1], [3, 3, 3, 3, 3]]",1,False,[],0,167,highlight,1
False,"[[7.22, 3.85, 8.16, 4.06, 6.74], [9.91, 9.99, 10.0, 9.98, 9.99], [9.14, 8.67, 6.76, 6.39, 7.92]]","[12, 17, 1]","[[3, 3, 3, 3, 3], [3, 3, 3, 3, 3], [3, 3, 3, 3, 3]]",0,True,[],0,168,control,1
False,"[[9.89, 5.47, 5.1, 5.92, 4.92], [9.94, 9.15, 7.99, 8.28, 9.73], [8.4, 9.04, 9.77, 9.8, 9.74]]","[11, 10, 9]","[[3, 3, 3, 3, 3], [3, 3, 3, 3, 3], [1, 1, 1, 1, 1]]",2,False,[],0,169,highlight,1
False,"[[10.0, 8.37, 5.87, 4.63, 3.53], [9.61, 9.77, 9.99, 9.48, 9.96], [9.3, 9.17, 7.85, 8.68, 7.69]]","[2, 22, 6]","[[3, 3, 3, 3, 3], [3, 3, 3, 3, 3], [3, 3, 3, 3, 3]]",1,True,[],0,170,control,1
False,"[[6.53, 5.86, 6.55, 5.07, 4.77], [0.0, 10.0, 9.48, 8.44, 9.41], [9.74, 6.12, 8.72, 9.01, 9.06]]","[17, 11, 2]","[[1, 1, 1, 1, 1], [3, 3, 3, 3, 3], [3, 3, 3, 3, 3]]",0,False,[],0,171,highlight,1
False,"[[4.4, 3.65, 2.79, 4.45, 3.29], [9.97, 9.54, 9.82, 9.99, 8.11], [9.51, 9.74, 9.72, 5.12, 9.73]]","[5, 19, 6]","[[3, 3, 3, 3, 3], [3, 3, 3, 3, 3], [3, 3, 3, 3, 3]]",2,True,[],0,172,control,1
False,"[[6.71, 4.03, 5.7, 6.31, 3.5], [9.36, 10.0, 9.99, 9.99, 9.08], [7.93, 1.4, 7.46, 7.15, 9.46]]","[21, 3, 6]","[[1, 1, 1, 1, 1], [3, 3, 3, 3, 3], [3, 3, 3, 3, 3]]",0,False,[],0,173,highlight,1
False,"[[5.18, 4.11, 3.45, 4.58, 7.53], [9.97, 9.98, 9.59, 9.84, 9.84], [8.06, 8.86, 9.11, 7.4, 9.23]]","[1, 28, 1]","[[3, 3, 3, 3, 3], [3, 3, 3, 3, 3], [3, 3, 3, 3, 3]]",1,True,[],0,174,control,1
False,"[[6.07, 4.69, 5.13, 4.98, 5.09], [10.0, 9.99, 9.98, 10.0, 9.36], [0.0, 5.36, 7.0, 5.33, 9.2]]","[3, 25, 2]","[[1, 1, 1, 1, 1], [3, 3, 3, 3, 3], [3, 3, 3, 3, 3]]",0,False,[],0,175,highlight,1
False,"[[8.13, 4.47, 5.4, 5.51, 4.87], [9.79, 8.22, 8.95, 9.37, 9.67], [9.17, 9.29, 9.24, 8.92, 8.95]]","[18, 8, 4]","[[3, 3, 3, 3, 3], [3, 3, 3, 3, 3], [3, 3, 3, 3, 3]]",1,True,[],0,176,control,1
False,"[[4.4, 3.92, 4.44, 8.22, 5.39], [9.98, 8.66, 9.8, 10.0, 9.59], [9.26, 9.86, 8.82, 6.37, 8.69]]","[24, 1, 5]","[[3, 3, 3, 3, 3], [3, 3, 3, 3, 3], [1, 1, 1, 1, 1]]",2,False,[],0,177,highlight,1
False,"[[4.71, 4.9, 1.11, 5.4, 2.09], [9.98, 10.0, 7.92, 9.98, 7.26], [8.53, 8.95, 9.99, 5.26, 9.69]]","[14, 10, 6]","[[3, 3, 3, 3, 3], [3, 3, 3, 3, 3], [3, 3, 3, 3, 3]]",1,True,[],0,178,control,1
False,"[[4.42, 5.47, 5.49, 3.96, 7.04], [9.99, 9.96, 9.98, 9.76, 9.99], [8.97, 6.73, 6.9, 9.65, 7.37]]","[6, 15, 9]","[[3, 3, 3, 3, 3], [1, 1, 1, 1, 1], [3, 3, 3, 3, 3]]",1,False,[],0,179,highlight,1
False,"[[5.05, 2.04, 3.65, 4.11, 2.62], [9.99, 7.89, 9.54, 10.0, 9.73], [8.5, 9.61, 9.74, 4.99, 9.7]]","[20, 1, 9]","[[3, 3, 3, 3, 3], [3, 3, 3, 3, 3], [3, 3, 3, 3, 3]]",0,True,[],0,180,control,1
False,"[[4.44, 3.84, 5.33, 5.28, 7.9], [9.99, 9.01, 8.4, 9.74, 9.97], [5.12, 9.15, 9.6, 9.12, 7.96]]","[4, 1, 25]","[[3, 3, 3, 3, 3], [1, 1, 1, 1, 1], [3, 3, 3, 3, 3]]",1,False,[],0,181,highlight,1
False,"[[7.14, 6.9, 2.57, 6.19, 6.24], [10.0, 9.95, 9.69, 9.99, 10.0], [4.38, 8.1, 9.8, 8.85, 3.46]]","[7, 14, 9]","[[3, 3, 3, 3, 3], [3, 3, 3, 3, 3], [3, 3, 3, 3, 3]]",1,True,[],0,182,control,1
False,"[[5.45, 3.5, 4.99, 4.91, 3.96], [8.91, 9.97, 9.51, 9.91, 9.76], [9.15, 8.48, 8.27, 8.63, 9.65]]","[13, 13, 4]","[[3, 3, 3, 3, 3], [1, 1, 1, 1, 1], [3, 3, 3, 3, 3]]",1,False,[],0,183,highlight,1
False,"[[5.83, 4.85, 4.65, 4.56, 5.33], [9.99, 9.98, 9.98, 9.96, 9.29], [5.4, 8.71, 9.21, 9.24, 9.14]]","[7, 5, 18]","[[3, 3, 3, 3, 3], [3, 3, 3, 3, 3], [3, 3, 3, 3, 3]]",2,True,[],0,184,control,1
False,"[[4.44, 6.23, 6.6, 5.39, 5.12], [10.0, 9.98, 9.99, 9.98, 9.99], [2.64, 7.3, 7.92, 7.44, 6.47]]","[2, 1, 27]","[[3, 3, 3, 3, 3], [3, 3, 3, 3, 3], [1, 1, 1, 1, 1]]",2,False,[],0,185,highlight,1
False,"[[4.55, 4.71, 6.19, 5.78, 4.69], [9.88, 9.97, 9.99, 10.0, 9.99], [6.94, 8.84, 8.85, 7.31, 5.36]]","[4, 24, 2]","[[3, 3, 3, 3, 3], [3, 3, 3, 3, 3], [3, 3, 3, 3, 3]]",2,True,[],0,186,control,1
False,"[[3.9, 5.15, 8.98, 7.53, 2.94], [9.69, 9.86, 9.96, 9.84, 9.98], [9.64, 9.39, 7.71, 9.23, 9.37]]","[3, 25, 2]","[[3, 3, 3, 3, 3], [1, 1, 1, 1, 1], [3, 3, 3, 3, 3]]",1,False,[],0,187,highlight,1
False,"[[3.75, 5.28, 9.22, 4.19, 6.35], [9.1, 9.99, 9.83, 9.14, 10.0], [9.63, 8.01, 9.06, 9.54, 5.15]]","[2, 24, 4]","[[3, 3, 3, 3, 3], [3, 3, 3, 3, 3], [3, 3, 3, 3, 3]]",1,True,[],0,188,control,1
False,"[[6.19, 5.44, 4.07, 4.43, 7.53], [8.9, 9.49, 2.37, 9.99, 9.84], [9.79, 8.74, 9.73, 8.77, 9.23]]","[19, 2, 9]","[[1, 1, 1, 1, 1], [3, 3, 3, 3, 3], [3, 3, 3, 3, 3]]",0,False,[],0,189,highlight,1
False,"[[5.39, 4.39, 3.52, 5.09, 5.11], [9.59, 9.75, 9.97, 9.36, 10.0], [8.69, 8.82, 5.69, 9.2, 2.76]]","[12, 9, 9]","[[3, 3, 3, 3, 3], [3, 3, 3, 3, 3], [3, 3, 3, 3, 3]]",0,True,[],0,190,control,1
False,"[[5.16, 5.78, 4.32, 5.08, 6.5], [9.98, 10.0, 9.93, 9.98, 9.96], [8.98, 7.31, 6.77, 5.82, 8.42]]","[15, 7, 8]","[[3, 3, 3, 3, 3], [1, 1, 1, 1, 1], [3, 3, 3, 3, 3]]",1,False,[],0,191,highlight,1
False,"[[1.84, 5.42, 3.85, 4.58, 1.11], [4.86, 10.0, 9.99, 9.93, 7.92], [9.52, 6.68, 8.67, 6.75, 9.99]]","[2, 2, 26]","[[3, 3, 3, 3, 3], [3, 3, 3, 3, 3], [3, 3, 3, 3, 3]]",2,True,[],0,192,control,1
False,"[[4.4, 4.26, 4.61, 7.9, 2.04], [9.97, 9.98, 9.9, 9.97, 7.89], [7.0, 6.39, 7.38, 7.96, 9.61]]","[5, 11, 14]","[[3, 3, 3, 3, 3], [1, 1, 1, 1, 1], [3, 3, 3, 3, 3]]",1,False,[],0,193,highlight,1
False,"[[5.7, 4.39, 5.4, 6.17, 4.88], [9.99, 9.75, 7.34, 9.99, 10.0], [7.46, 8.82, 9.77, 8.43, 2.64]]","[6, 16, 8]","[[3, 3, 3, 3, 3], [3, 3, 3, 3, 3], [3, 3, 3, 3, 3]]",1,True,[],0,194,control,1
False,"[[5.76, 4.83, 4.39, 5.05, 6.53], [9.96, 9.97, 9.99, 9.99, 0.0], [7.75, 6.1, 9.11, 8.5, 9.74]]","[2, 23, 5]","[[3, 3, 3, 3, 3], [1, 1, 1, 1, 1], [3, 3, 3, 3, 3]]",1,False,[],0,195,highlight,1
False,"[[5.86, 4.12, 5.5, 4.95, 6.6], [10.0, 9.87, 7.97, 9.86, 9.99], [6.12, 7.18, 9.36, 7.41, 7.92]]","[4, 25, 1]","[[3, 3, 3, 3, 3], [3, 3, 3, 3, 3], [3, 3, 3, 3, 3]]",0,True,[],0,196,control,1
False,"[[7.11, 5.47, 8.58, 5.66, 4.42], [10.0, 10.0, 9.96, 9.35, 9.99], [4.38, 8.22, 8.1, 8.48, 6.29]]","[2, 3, 25]","[[3, 3, 3, 3, 3], [3, 3, 3, 3, 3], [1, 1, 1, 1, 1]]",2,False,[],0,197,highlight,1
False,"[[9.07, 5.08, 8.98, 4.58, 3.9], [9.94, 8.99, 9.96, 9.93, 9.91], [8.83, 9.1, 7.71, 6.75, 6.98]]","[7, 14, 9]","[[3, 3, 3, 3, 3], [3, 3, 3, 3, 3], [3, 3, 3, 3, 3]]",1,True,[],0,198,control,1
False,"[[4.1, 7.05, 4.36, 8.36, 5.39], [9.87, 10.0, 8.62, 10.0, 9.98], [7.58, 4.63, 9.21, 5.68, 6.9]]","[2, 27, 1]","[[3, 3, 3, 3, 3], [1, 1, 1, 1, 1], [3, 3, 3, 3, 3]]",1,False,[],0,199,highlight,1
False,"[[4.7, 2.83, 5.5, 2.53, 3.84], [9.99, 8.7, 9.98, 8.39, 9.01], [7.0, 9.42, 6.1, 9.58, 9.15]]","[1, 28, 1]","[[3, 3, 3, 3, 3], [3, 3, 3, 3, 3], [3, 3, 3, 3, 3]]",1,True,[],0,200,control,1
False,"[[5.83, 4.68, 4.12, 3.85, 4.99], [9.99, 9.21, 9.87, 9.99, 9.51], [5.4, 9.32, 7.18, 8.67, 8.27]]","[13, 5, 12]","[[1, 1, 1, 1, 1], [3, 3, 3, 3, 3], [3, 3, 3, 3, 3]]",0,False,[],0,201,highlight,1
False,"[[4.58, 4.6, 6.11, 7.05, 4.92], [9.93, 9.99, 9.25, 10.0, 9.99], [6.75, 4.83, 8.91, 4.63, 9.1]]","[2, 18, 10]","[[3, 3, 3, 3, 3], [3, 3, 3, 3, 3], [3, 3, 3, 3, 3]]",1,True,[],0,202,control,1
False,"[[4.42, 5.81, 5.07, 5.45, 4.44], [9.99, 10.0, 8.44, 10.0, 9.99], [6.29, 6.12, 9.01, 8.22, 5.12]]","[3, 14, 13]","[[1, 1, 1, 1, 1], [3, 3, 3, 3, 3], [3, 3, 3, 3, 3]]",0,False,[],0,203,highlight,1
False,"[[4.12, 3.85, 5.89, 6.55, 4.33], [8.53, 9.99, 9.95, 9.99, 9.96], [8.46, 8.67, 8.01, 8.45, 8.78]]","[4, 24, 2]","[[3, 3, 3, 3, 3], [3, 3, 3, 3, 3], [3, 3, 3, 3, 3]]",0,True,[],0,204,control,1
False,"[[5.1, 3.9, 4.46, 4.6, 5.78], [7.99, 9.91, 10.0, 9.99, 9.99], [9.77, 6.98, 4.37, 4.83, 1.29]]","[7, 5, 18]","[[1, 1, 1, 1, 1], [3, 3, 3, 3, 3], [3, 3, 3, 3, 3]]",0,False,[],0,205,highlight,1
False,"[[1.84, 4.43, 5.06, 6.53, 5.65], [4.86, 9.73, 5.77, 0.0, 9.99], [9.52, 7.64, 9.33, 9.74, 4.83]]","[1, 16, 13]","[[3, 3, 3, 3, 3], [3, 3, 3, 3, 3], [3, 3, 3, 3, 3]]",1,True,[],0,206,control,1
False,"[[9.22, 4.81, 4.98, 4.39, 7.28], [9.83, 9.85, 10.0, 9.99, 9.94], [9.06, 7.23, 5.33, 9.11, 7.26]]","[19, 2, 9]","[[3, 3, 3, 3, 3], [3, 3, 3, 3, 3], [1, 1, 1, 1, 1]]",2,False,[],0,207,highlight,1
False,"[[6.51, 4.39, 5.88, 3.43, 4.11], [9.99, 9.75, 9.99, 7.21, 9.98], [2.93, 8.82, 6.99, 9.48, 8.86]]","[2, 2, 26]","[[3, 3, 3, 3, 3], [3, 3, 3, 3, 3], [3, 3, 3, 3, 3]]",2,True,[],0,208,control,1
False,"[[6.54, 5.97, 7.28, 4.65, 3.77], [10.0, 9.99, 9.94, 7.19, 5.33], [4.07, 5.61, 7.26, 9.58, 9.57]]","[17, 12, 1]","[[1, 1, 1, 1, 1], [3, 3, 3, 3, 3], [3, 3, 3, 3, 3]]",0,False,[],0,209,highlight,1
False,"[[4.36, 4.89, 5.33, 5.33, 5.56], [9.93, 10.0, 9.99, 8.4, 8.38], [6.94, 4.83, 3.91, 9.6, 9.21]]","[9, 10, 11]","[[3, 3, 3, 3, 3], [3, 3, 3, 3, 3], [3, 3, 3, 3, 3]]",1,True,[],0,210,control,1
False,"[[5.33, 4.53, 5.41, 6.09, 4.07], [8.4, 8.25, 9.96, 9.99, 2.37], [9.6, 8.38, 7.81, 5.13, 9.73]]","[23, 2, 5]","[[1, 1, 1, 1, 1], [3, 3, 3, 3, 3], [3, 3, 3, 3, 3]]",0,False,[],0,211,highlight,1
False,"[[8.58, 6.21, 8.98, 5.11, 4.49], [9.96, 10.0, 9.96, 10.0, 9.46], [8.1, 5.37, 7.71, 2.76, 8.16]]","[8, 6, 16]","[[3, 3, 3, 3, 3], [3, 3, 3, 3, 3], [3, 3, 3, 3, 3]]",1,True,[],0,212,control,1
False,"[[4.54, 6.09, 4.52, 5.47, 4.49], [9.99, 9.99, 9.99, 9.99, 9.46], [7.97, 5.13, 7.46, 8.62, 8.16]]","[28, 1, 1]","[[3, 3, 3, 3, 3], [3, 3, 3, 3, 3], [1, 1, 1, 1, 1]]",2,False,[],0,213,highlight,1
False,"[[5.58, 8.27, 5.07, 6.76, 4.46], [9.99, 10.0, 8.44, 10.0, 8.5], [8.81, 5.89, 9.01, 4.38, 9.41]]","[6, 22, 2]","[[3, 3, 3, 3, 3], [3, 3, 3, 3, 3], [3, 3, 3, 3, 3]]",1,True,[],0,214,control,1
False,"[[5.45, 4.58, 4.49, 5.65, 5.8], [10.0, 9.58, 9.46, 9.99, 10.0], [8.22, 8.42, 8.16, 4.83, 6.03]]","[16, 3, 11]","[[3, 3, 3, 3, 3], [3, 3, 3, 3, 3], [1, 1, 1, 1, 1]]",2,False,[],0,215,highlight,1
False,"[[4.21, 6.19, 5.65, 6.79, 5.88], [9.65, 9.99, 9.99, 10.0, 10.0], [8.24, 8.85, 4.83, 4.38, 6.37]]","[19, 9, 2]","[[3, 3, 3, 3, 3], [3, 3, 3, 3, 3], [3, 3, 3, 3, 3]]",2,True,[],0,216,control,1
False,"[[8.36, 5.44, 6.15, 5.25, 4.58], [10.0, 9.73, 9.99, 9.13, 9.93], [5.68, 8.97, 5.82, 8.5, 6.75]]","[2, 21, 7]","[[3, 3, 3, 3, 3], [1, 1, 1, 1, 1], [3, 3, 3, 3, 3]]",1,False,[],0,217,highlight,1
False,"[[8.98, 5.11, 6.94, 6.9, 3.63], [9.96, 10.0, 10.0, 9.95, 5.69], [7.71, 2.76, 6.51, 8.1, 9.67]]","[8, 14, 8]","[[3, 3, 3, 3, 3], [3, 3, 3, 3, 3], [3, 3, 3, 3, 3]]",2,True,[],0,218,control,1
False,"[[4.56, 4.61, 5.96, 6.76, 5.06], [9.96, 9.99, 9.89, 10.0, 5.77], [9.24, 6.65, 7.17, 4.38, 9.33]]","[6, 5, 19]","[[3, 3, 3, 3, 3], [1, 1, 1, 1, 1], [3, 3, 3, 3, 3]]",1,False,[],0,219,highlight,1
False,"[[4.68, 4.52, 4.89, 4.49, 4.61], [9.99, 9.99, 9.36, 9.46, 9.98], [9.03, 7.46, 7.8, 8.16, 7.53]]","[3, 3, 24]","[[3, 3, 3, 3, 3], [3, 3, 3, 3, 3], [3, 3, 3, 3, 3]]",2,True,[],0,220,control,1
False,"[[4.53, 6.94, 5.88, 5.45, 4.22], [9.99, 9.99, 10.0, 8.91, 9.68], [4.72, 6.87, 6.37, 9.15, 7.3]]","[4, 15, 11]","[[3, 3, 3, 3, 3], [1, 1, 1, 1, 1], [3, 3, 3, 3, 3]]",1,False,[],0,221,highlight,1
False,"[[2.7, 8.36, 4.04, 5.49, 6.3], [9.45, 10.0, 9.98, 9.98, 10.0], [9.82, 5.68, 8.48, 6.9, 8.13]]","[12, 8, 10]","[[3, 3, 3, 3, 3], [3, 3, 3, 3, 3], [3, 3, 3, 3, 3]]",0,True,[],0,222,control,1
False,"[[4.39, 4.53, 5.33, 6.79, 6.04], [8.56, 9.99, 8.4, 10.0, 9.99], [9.3, 4.72, 9.6, 2.64, 8.59]]","[19, 8, 3]","[[1, 1, 1, 1, 1], [3, 3, 3, 3, 3], [3, 3, 3, 3, 3]]",0,False,[],0,223,highlight,1
False,"[[4.55, 7.22, 3.58, 4.1, 4.46], [8.46, 9.91, 9.1, 9.87, 9.99], [9.37, 9.14, 8.82, 7.58, 6.07]]","[2, 20, 8]","[[3, 3, 3, 3, 3], [3, 3, 3, 3, 3], [3, 3, 3, 3, 3]]",1,True,[],0,224,control,1
False,"[[6.24, 4.42, 4.39, 5.76, 6.5], [10.0, 10.0, 8.89, 9.96, 9.99], [3.46, 6.27, 9.66, 7.75, 5.13]]","[5, 19, 6]","[[3, 3, 3, 3, 3], [1, 1, 1, 1, 1], [3, 3, 3, 3, 3]]",1,False,[],0,225,highlight,1
False,"[[4.44, 4.64, 1.11, 3.42, 4.51], [9.99, 9.99, 7.67, 9.95, 9.99], [9.2, 9.11, 9.96, 7.5, 8.89]]","[19, 3, 8]","[[3, 3, 3, 3, 3], [3, 3, 3, 3, 3], [3, 3, 3, 3, 3]]",2,True,[],0,226,control,1
False,"[[4.95, 3.28, 8.27, 5.51, 3.29], [9.86, 9.73, 10.0, 9.6, 8.11], [7.41, 9.45, 5.89, 8.39, 9.73]]","[27, 1, 2]","[[1, 1, 1, 1, 1], [3, 3, 3, 3, 3], [3, 3, 3, 3, 3]]",0,False,[],0,227,highlight,1
False,"[[4.4, 5.11, 5.12, 10.0, 6.25], [9.97, 9.55, 9.99, 9.61, 8.67], [7.0, 8.21, 6.47, 9.3, 9.4]]","[8, 12, 10]","[[3, 3, 3, 3, 3], [3, 3, 3, 3, 3], [3, 3, 3, 3, 3]]",2,True,[],0,228,control,1
False,"[[4.71, 4.81, 3.63, 5.86, 4.91], [9.97, 9.85, 5.69, 9.93, 9.99], [8.84, 7.23, 9.67, 8.05, 7.62]]","[17, 7, 6]","[[1, 1, 1, 1, 1], [3, 3, 3, 3, 3], [3, 3, 3, 3, 3]]",0,False,[],0,229,highlight,1
False,"[[4.89, 7.39, 3.65, 4.73, 6.07], [9.36, 9.99, 9.54, 9.97, 9.98], [7.8, 7.85, 9.74, 5.85, 8.5]]","[21, 4, 5]","[[3, 3, 3, 3, 3], [3, 3, 3, 3, 3], [3, 3, 3, 3, 3]]",1,True,[],0,230,control,1
False,"[[4.47, 2.94, 6.13, 4.72, 5.75], [8.22, 9.98, 9.99, 9.97, 9.99], [9.29, 9.37, 3.77, 8.45, 8.44]]","[2, 5, 23]","[[3, 3, 3, 3, 3], [3, 3, 3, 3, 3], [1, 1, 1, 1, 1]]",2,False,[],0,231,highlight,1
False,"[[7.91, 6.54, 6.07, 4.49, 8.27], [9.98, 9.99, 8.93, 9.46, 10.0], [7.06, 9.06, 8.76, 8.16, 5.89]]","[5, 5, 20]","[[3, 3, 3, 3, 3], [3, 3, 3, 3, 3], [3, 3, 3, 3, 3]]",2,True,[],0,232,control,1
False,"[[5.07, 8.27, 2.79, 5.73, 4.9], [8.44, 10.0, 9.82, 9.95, 10.0], [9.01, 5.89, 9.72, 7.96, 8.95]]","[3, 19, 8]","[[1, 1, 1, 1, 1], [3, 3, 3, 3, 3], [3, 3, 3, 3, 3]]",0,False,[],0,233,highlight,1
False,"[[9.89, 5.54, 5.04, 0.0, 4.61], [9.94, 10.0, 9.03, 9.49, 9.98], [8.4, 4.38, 9.4, 9.56, 7.53]]","[2, 1, 27]","[[3, 3, 3, 3, 3], [3, 3, 3, 3, 3], [3, 3, 3, 3, 3]]",0,True,[],0,234,control,1
False,"[[4.43, 5.51, 4.8, 4.94, 3.65], [9.99, 9.37, 9.85, 9.98, 9.54], [6.93, 8.92, 9.43, 8.56, 9.74]]","[16, 5, 9]","[[3, 3, 3, 3, 3], [1, 1, 1, 1, 1], [3, 3, 3, 3, 3]]",1,False,[],0,235,highlight,1
False,"[[4.16, 3.85, 4.55, 4.12, 4.64], [9.98, 9.86, 8.46, 8.53, 9.99], [8.52, 7.57, 9.37, 8.46, 9.11]]","[2, 16, 12]","[[3, 3, 3, 3, 3], [3, 3, 3, 3, 3], [3, 3, 3, 3, 3]]",2,True,[],0,236,control,1
False,"[[5.2, 6.54, 5.07, 8.16, 3.91], [9.99, 9.99, 10.0, 9.99, 9.99], [7.16, 9.06, 4.37, 7.85, 8.31]]","[4, 25, 1]","[[3, 3, 3, 3, 3], [1, 1, 1, 1, 1], [3, 3, 3, 3, 3]]",1,False,[],0,237,highlight,1
False,"[[6.17, 3.43, 4.44, 4.72, 5.88], [9.99, 7.21, 10.0, 9.97, 8.75], [8.43, 9.48, 2.64, 8.45, 9.1]]","[28, 1, 1]","[[3, 3, 3, 3, 3], [3, 3, 3, 3, 3], [3, 3, 3, 3, 3]]",0,True,[],0,238,control,1
False,"[[4.4, 5.16, 5.59, 5.41, 4.06], [9.99, 9.98, 9.99, 10.0, 9.98], [8.57, 8.98, 5.4, 2.67, 6.39]]","[7, 10, 13]","[[3, 3, 3, 3, 3], [3, 3, 3, 3, 3], [1, 1, 1, 1, 1]]",2,False,[],0,239,highlight,1
False,"[[2.76, 5.7, 3.55, 5.55, 9.22], [7.46, 9.99, 9.97, 9.99, 9.83], [9.65, 7.46, 7.76, 4.46, 9.06]]","[2, 22, 6]","[[3, 3, 3, 3, 3], [3, 3, 3, 3, 3], [3, 3, 3, 3, 3]]",1,True,[],0,240,control,1
False,"[[5.86, 4.47, 4.54, 5.39, 3.94], [10.0, 10.0, 9.98, 9.99, 9.17], [6.12, 5.92, 8.79, 7.97, 9.7]]","[14, 1, 15]","[[3, 3, 3, 3, 3], [3, 3, 3, 3, 3], [1, 1, 1, 1, 1]]",2,False,[],0,241,highlight,1
False,"[[4.46, 3.75, 5.15, 4.27, 1.84], [10.0, 9.1, 10.0, 9.98, 4.86], [4.37, 9.63, 7.74, 5.28, 9.52]]","[3, 26, 1]","[[3, 3, 3, 3, 3], [3, 3, 3, 3, 3], [3, 3, 3, 3, 3]]",1,True,[],0,242,control,1
False,"[[3.91, 5.39, 4.88, 4.96, 5.81], [9.98, 9.99, 9.96, 9.94, 9.99], [5.49, 7.97, 3.7, 9.51, 8.77]]","[2, 17, 11]","[[3, 3, 3, 3, 3], [3, 3, 3, 3, 3], [1, 1, 1, 1, 1]]",2,False,[],0,243,highlight,1
False,"[[10.0, 5.33, 2.7, 4.68, 4.54], [9.61, 9.99, 9.45, 9.99, 9.98], [9.3, 3.91, 9.82, 9.03, 8.79]]","[1, 23, 6]","[[3, 3, 3, 3, 3], [3, 3, 3, 3, 3], [3, 3, 3, 3, 3]]",2,True,[],0,244,control,1
False,"[[6.39, 5.5, 5.93, 4.84, 3.53], [9.99, 9.98, 9.39, 9.96, 9.63], [5.27, 3.91, 8.89, 7.71, 9.83]]","[13, 8, 9]","[[3, 3, 3, 3, 3], [3, 3, 3, 3, 3], [1, 1, 1, 1, 1]]",2,False,[],0,245,highlight,1
False,"[[4.64, 5.04, 5.68, 7.19, 4.46], [9.94, 9.03, 9.47, 7.8, 10.0], [7.69, 9.4, 8.81, 9.83, 8.2]]","[4, 18, 8]","[[3, 3, 3, 3, 3], [3, 3, 3, 3, 3], [3, 3, 3, 3, 3]]",1,True,[],0,246,control,1
False,"[[4.58, 4.4, 5.28, 2.83, 4.64], [9.99, 9.99, 9.99, 8.7, 9.99], [8.4, 8.57, 5.15, 9.42, 6.65]]","[4, 21, 5]","[[3, 3, 3, 3, 3], [1, 1, 1, 1, 1], [3, 3, 3, 3, 3]]",1,False,[],0,247,highlight,1
False,"[[4.11, 8.18, 4.32, 3.94, 4.44], [9.97, 9.99, 9.89, 9.17, 10.0], [7.44, 8.12, 7.3, 9.7, 2.64]]","[24, 3, 3]","[[3, 3, 3, 3, 3], [3, 3, 3, 3, 3], [3, 3, 3, 3, 3]]",0,True,[],0,248,control,1
False,"[[8.27, 6.07, 1.11, 4.27, 5.72], [10.0, 9.98, 7.92, 10.0, 9.99], [5.89, 8.5, 9.99, 5.02, 8.18]]","[7, 20, 3]","[[1, 1, 1, 1, 1], [3, 3, 3, 3, 3], [3, 3, 3, 3, 3]]",0,False,[],0,249,highlight,1
False,"[[5.54, 8.36, 0.58, 7.07, 4.6], [9.96, 10.0, 8.48, 10.0, 9.99], [9.35, 5.68, 9.65, 3.12, 4.83]]","[16, 6, 8]","[[3, 3, 3, 3, 3], [3, 3, 3, 3, 3], [3, 3, 3, 3, 3]]",0,True,[],0,250,control,1
False,"[[6.62, 4.87, 3.96, 5.33, 5.87], [9.91, 9.67, 9.76, 9.29, 9.99], [9.09, 8.95, 9.65, 9.14, 7.85]]","[5, 24, 1]","[[3, 3, 3, 3, 3], [3, 3, 3, 3, 3], [1, 1, 1, 1, 1]]",2,False,[],0,251,highlight,1
False,"[[4.86, 5.45, 4.07, 6.55, 6.19], [9.99, 9.34, 2.37, 9.99, 8.9], [5.27, 9.5, 9.73, 8.45, 9.79]]","[14, 6, 10]","[[3, 3, 3, 3, 3], [3, 3, 3, 3, 3], [3, 3, 3, 3, 3]]",0,True,[],0,252,control,1
False,"[[6.26, 4.59, 4.55, 5.08, 6.13], [9.99, 1.74, 9.99, 8.99, 9.99], [6.61, 9.39, 1.4, 9.1, 3.77]]","[17, 5, 8]","[[1, 1, 1, 1, 1], [3, 3, 3, 3, 3], [3, 3, 3, 3, 3]]",0,False,[],0,253,highlight,1
False,"[[6.6, 5.25, 5.1, 5.44, 4.68], [9.99, 9.13, 7.99, 9.49, 9.99], [7.92, 8.5, 9.77, 8.74, 9.03]]","[8, 1, 21]","[[3, 3, 3, 3, 3], [3, 3, 3, 3, 3], [3, 3, 3, 3, 3]]",0,True,[],0,254,control,1
False,"[[5.88, 5.18, 2.71, 5.59, 6.54], [8.75, 9.97, 9.7, 9.99, 9.99], [9.1, 8.06, 8.74, 5.4, 9.06]]","[8, 19, 3]","[[3, 3, 3, 3, 3], [1, 1, 1, 1, 1], [3, 3, 3, 3, 3]]",1,False,[],0,255,highlight,1
False,"[[6.64, 4.89, 7.38, 3.75, 8.06], [10.0, 9.52, 9.95, 9.1, 9.99], [6.12, 8.75, 7.69, 9.63, 8.53]]","[3, 24, 3]","[[3, 3, 3, 3, 3], [3, 3, 3, 3, 3], [3, 3, 3, 3, 3]]",1,True,[],0,256,control,1
False,"[[6.9, 8.57, 5.11, 6.23, 3.29], [9.95, 10.0, 10.0, 9.98, 8.11], [8.1, 6.37, 2.76, 7.3, 9.73]]","[7, 22, 1]","[[3, 3, 3, 3, 3], [3, 3, 3, 3, 3], [1, 1, 1, 1, 1]]",2,False,[],0,257,highlight,1
False,"[[3.63, 8.16, 5.04, 4.86, 3.5], [5.69, 9.99, 9.17, 9.82, 9.08], [9.67, 7.85, 9.27, 7.61, 9.46]]","[5, 23, 2]","[[3, 3, 3, 3, 3], [3, 3, 3, 3, 3], [3, 3, 3, 3, 3]]",2,True,[],0,258,control,1
False,"[[6.48, 5.4, 6.79, 7.76, 5.32], [9.86, 7.34, 10.0, 10.0, 9.94], [9.32, 9.77, 2.64, 5.33, 9.11]]","[6, 13, 11]","[[3, 3, 3, 3, 3], [1, 1, 1, 1, 1], [3, 3, 3, 3, 3]]",1,False,[],0,259,highlight,1
False,"[[4.62, 8.16, 3.9, 5.11, 3.85], [9.96, 10.0, 9.69, 9.97, 9.98], [8.21, 6.76, 9.64, 8.71, 8.84]]","[14, 10, 6]","[[3, 3, 3, 3, 3], [3, 3, 3, 3, 3], [3, 3, 3, 3, 3]]",0,True,[],0,260,control,1
False,"[[3.29, 4.0, 5.96, 8.22, 5.6], [8.11, 8.65, 9.89, 10.0, 9.45], [9.73, 9.25, 7.17, 6.37, 8.93]]","[1, 4, 25]","[[3, 3, 3, 3, 3], [3, 3, 3, 3, 3], [1, 1, 1, 1, 1]]",2,False,[],0,261,highlight,1
False,"[[3.94, 4.11, 4.85, 4.33, 4.58], [9.17, 9.98, 9.98, 9.96, 9.58], [9.7, 8.86, 8.71, 8.78, 8.42]]","[23, 1, 6]","[[3, 3, 3, 3, 3], [3, 3, 3, 3, 3], [3, 3, 3, 3, 3]]",2,True,[],0,262,control,1
False,"[[4.43, 3.94, 4.96, 4.43, 3.53], [9.99, 9.17, 9.94, 9.73, 9.96], [8.77, 9.7, 9.51, 7.64, 7.69]]","[3, 12, 15]","[[1, 1, 1, 1, 1], [3, 3, 3, 3, 3], [3, 3, 3, 3, 3]]",0,False,[],0,263,highlight,1
False,"[[4.53, 5.9, 2.83, 4.45, 4.09], [9.97, 9.99, 8.7, 9.99, 9.97], [8.86, 7.92, 9.42, 1.29, 9.4]]","[13, 12, 5]","[[3, 3, 3, 3, 3], [3, 3, 3, 3, 3], [3, 3, 3, 3, 3]]",1,True,[],0,264,control,1
False,"[[6.25, 7.05, 4.87, 6.94, 4.92], [8.67, 10.0, 9.21, 10.0, 9.99], [9.4, 4.63, 9.19, 6.51, 9.1]]","[1, 24, 5]","[[3, 3, 3, 3, 3], [3, 3, 3, 3, 3], [1, 1, 1, 1, 1]]",2,False,[],0,265,highlight,1
False,"[[4.9, 5.24, 4.99, 9.27, 2.7], [10.0, 9.43, 9.99, 9.94, 9.45], [8.95, 8.87, 8.83, 8.95, 9.82]]","[2, 26, 2]","[[3, 3, 3, 3, 3], [3, 3, 3, 3, 3], [3, 3, 3, 3, 3]]",1,True,[],0,266,control,1
False,"[[6.17, 4.16, 5.12, 5.87, 7.19], [9.99, 9.98, 9.99, 9.99, 7.8], [7.58, 8.52, 6.47, 7.85, 9.83]]","[3, 23, 4]","[[3, 3, 3, 3, 3], [1, 1, 1, 1, 1], [3, 3, 3, 3, 3]]",1,False,[],0,267,highlight,1
False,"[[5.51, 2.58, 3.83, 4.43, 5.47], [9.37, 8.75, 9.92, 9.07, 9.96], [8.92, 9.96, 9.22, 10.0, 6.73]]","[17, 4, 9]","[[3, 3, 3, 3, 3], [3, 3, 3, 3, 3], [3, 3, 3, 3, 3]]",1,True,[],0,268,control,1
False,"[[4.37, 4.6, 7.76, 4.21, 4.44], [9.99, 9.99, 10.0, 9.65, 9.99], [7.96, 9.13, 5.33, 8.24, 9.2]]","[3, 20, 7]","[[3, 3, 3, 3, 3], [3, 3, 3, 3, 3], [1, 1, 1, 1, 1]]",2,False,[],0,269,highlight,1
False,"[[4.27, 4.91, 6.17, 4.84, 4.26], [10.0, 9.99, 9.99, 9.96, 9.97], [5.02, 7.62, 8.43, 7.71, 7.07]]","[18, 3, 9]","[[3, 3, 3, 3, 3], [3, 3, 3, 3, 3], [3, 3, 3, 3, 3]]",0,True,[],0,270,control,1
False,"[[4.55, 4.39, 1.11, 4.36, 5.7], [9.08, 8.89, 7.67, 9.98, 9.99], [8.5, 9.66, 9.96, 9.02, 7.46]]","[27, 1, 2]","[[1, 1, 1, 1, 1], [3, 3, 3, 3, 3], [3, 3, 3, 3, 3]]",0,False,[],0,271,highlight,1
False,"[[4.44, 6.29, 4.4, 5.6, 4.69], [9.99, 9.93, 9.97, 9.45, 9.99], [5.12, 9.2, 9.51, 8.93, 5.36]]","[9, 5, 16]","[[3, 3, 3, 3, 3], [3, 3, 3, 3, 3], [3, 3, 3, 3, 3]]",2,True,[],0,272,control,1
False,"[[6.85, 5.86, 5.5, 4.65, 5.0], [10.0, 10.0, 9.96, 9.91, 9.98], [4.07, 6.12, 9.38, 7.16, 5.82]]","[9, 5, 16]","[[1, 1, 1, 1, 1], [3, 3, 3, 3, 3], [3, 3, 3, 3, 3]]",0,False,[],0,273,highlight,1
False,"[[4.62, 5.39, 5.4, 6.79, 4.65], [9.96, 9.59, 8.95, 10.0, 9.98], [8.21, 8.69, 9.24, 4.38, 9.21]]","[10, 17, 3]","[[3, 3, 3, 3, 3], [3, 3, 3, 3, 3], [3, 3, 3, 3, 3]]",0,True,[],0,274,control,1
False,"[[5.18, 5.88, 5.7, 3.91, 4.92], [9.97, 8.75, 9.99, 9.98, 9.84], [8.06, 9.1, 7.46, 5.49, 9.44]]","[15, 11, 4]","[[1, 1, 1, 1, 1], [3, 3, 3, 3, 3], [3, 3, 3, 3, 3]]",0,False,[],0,275,highlight,1
False,"[[5.51, 0.58, 4.11, 4.43, 4.67], [9.6, 8.48, 9.98, 9.99, 10.0], [8.39, 9.65, 8.86, 6.93, 4.83]]","[9, 20, 1]","[[3, 3, 3, 3, 3], [3, 3, 3, 3, 3], [3, 3, 3, 3, 3]]",1,True,[],0,276,control,1
False,"[[3.05, 2.58, 5.1, 4.32, 5.86], [6.78, 8.75, 7.99, 9.89, 10.0], [9.58, 9.96, 9.77, 7.3, 6.12]]","[5, 14, 11]","[[3, 3, 3, 3, 3], [3, 3, 3, 3, 3], [1, 1, 1, 1, 1]]",2,False,[],0,277,highlight,1
False,"[[4.92, 4.73, 6.51, 4.44, 4.79], [9.84, 10.0, 9.99, 10.0, 10.0], [9.44, 8.75, 2.93, 2.64, 6.65]]","[7, 1, 22]","[[3, 3, 3, 3, 3], [3, 3, 3, 3, 3], [3, 3, 3, 3, 3]]",2,True,[],0,278,control,1
False,"[[4.77, 4.43, 5.25, 4.44, 5.33], [9.41, 9.07, 9.13, 9.99, 8.4], [9.06, 10.0, 8.5, 9.2, 9.6]]","[2, 7, 21]","[[3, 3, 3, 3, 3], [3, 3, 3, 3, 3], [1, 1, 1, 1, 1]]",2,False,[],0,279,highlight,1
False,"[[4.65, 5.44, 7.9, 6.87, 5.27], [7.19, 9.73, 9.97, 9.99, 9.59], [9.58, 8.97, 7.96, 5.51, 7.4]]","[1, 1, 28]","[[3, 3, 3, 3, 3], [3, 3, 3, 3, 3], [3, 3, 3, 3, 3]]",2,True,[],0,280,control,1
