is_practice,payoff_matrix,weights,trial_nudge,nudge_index,og_baskets,shown_baskets,cost,uncovered_values,selected_option,trial_num,participant_id,nudge_type
False,"[[5.49, 5.65, 6.71, 2.62, 6.17, 5.14], [9.98, 9.84, 9.36, 9.73, 9.99, 9.35], [6.9, 9.42, 7.93, 9.7, 8.43, 7.91], [2.55, 7.77, 1.91, 7.77, 1.17, 1.91], [8.09, 5.88, 0.86, 5.88, 6.24, 0.86]]","[9, 2, 4, 12, 3]",pre-supersize,5,6,6,2,[],0,1,1,suggestion
False,"[[4.95, 9.07, 5.39, 4.91, 5.25, 2.94], [9.86, 9.94, 9.99, 9.81, 10.0, 9.98]]","[6, 24]",pre-supersize,5,6,6,2,[],0,2,1,suggestion
False,"[[2.76, 4.26, 5.28, 5.28, 4.69, 6.94], [7.46, 9.97, 9.99, 9.74, 9.99, 9.99], [9.65, 7.07, 5.15, 9.12, 5.36, 6.87], [1.91, 3.62, 1.91, 7.77, 7.23, 7.23], [0.86, 8.28, 9.29, 5.88, 7.63, 5.97]]","[4, 3, 17, 2, 4]",post-supersize,5,5,6,2,[],0,3,1,suggestion
False,"[[5.6, 4.99, 5.55, 4.68, 4.55, 6.94], [9.45, 9.51, 9.99, 9.99, 9.88, 10.0]]","[8, 22]",post-supersize,5,5,6,2,[],0,4,1,suggestion
False,"[[6.54, 5.01, 2.83, 3.28, 8.13], [9.99, 9.97, 8.7, 9.73, 9.79], [9.06, 9.56, 9.42, 9.45, 9.17], [1.06, 0.85, 1.91, 7.77, 7.77], [8.36, 5.23, 0.86, 5.88, 5.88]]","[5, 5, 7, 4, 9]",control,-1,5,5,2,[],0,5,1,suggestion
False,"[[4.54, 5.0, 4.91, 2.79, 4.12], [9.98, 9.98, 9.99, 9.82, 8.53]]","[5, 25]",control,-1,5,5,2,[],0,6,1,suggestion
False,"[[4.88, 2.09, 4.69, 6.47, 3.11, 4.58], [10.0, 7.26, 9.99, 10.0, 9.74, 9.58]]","[4, 26]",pre-supersize,4,6,6,2,[],0,7,1,suggestion
False,"[[4.58, 5.55, 5.23, 1.84, 6.62, 5.07], [9.99, 9.99, 10.0, 4.86, 9.27, 10.0]]","[3, 27]",post-supersize,5,5,6,2,[],0,8,1,suggestion
False,"[[3.92, 4.8, 4.22, 4.44, 5.27], [9.98, 9.85, 9.68, 10.0, 10.0]]","[4, 26]",control,-1,5,5,2,[],0,9,1,suggestion
False,"[[5.47, 4.3, 4.3, 5.4, 4.67], [9.99, 9.53, 9.98, 7.34, 10.0], [6.22, 9.3, 7.71, 9.77, 4.83], [2.98, 1.91, 3.62, 1.91, 5.53], [7.75, 0.86, 8.28, 0.86, 8.93]]","[1, 12, 4, 12, 1]",control,-1,5,5,2,[],0,10,1,suggestion
False,"[[3.97, 5.04, 4.92, 5.27, 4.47, 7.07], [9.98, 9.03, 9.73, 10.0, 8.22, 10.0], [5.5, 9.4, 9.74, 5.15, 9.29, 3.12], [7.23, 1.91, 7.77, 1.91, 1.91, 4.36], [7.63, 0.86, 5.88, 9.29, 0.86, 9.26]]","[5, 16, 3, 2, 4]",pre-supersize,2,6,6,2,[],0,11,1,suggestion
False,"[[4.26, 5.02, 4.53, 4.68, 5.74, 4.92], [9.97, 9.98, 9.99, 9.5, 9.99, 9.73], [7.07, 7.44, 4.72, 8.72, 6.87, 9.74], [3.62, 3.62, 2.45, 1.91, 7.23, 7.77], [8.28, 8.28, 8.15, 0.86, 5.97, 5.88]]","[14, 3, 4, 7, 2]",post-supersize,5,5,6,2,[],0,12,1,suggestion
False,"[[4.67, 5.55, 4.68, 6.31, 4.1, 6.71], [10.0, 8.8, 9.21, 8.38, 9.87, 9.36], [4.83, 9.22, 9.32, 9.69, 7.58, 7.93], [5.53, 1.91, 1.91, 1.91, 1.06, 1.91], [8.93, 0.86, 0.86, 0.86, 7.71, 0.86]]","[7, 1, 4, 3, 15]",post-supersize,5,5,6,2,[],0,13,1,suggestion
False,"[[5.07, 4.96, 4.58, 5.28, 5.65, 4.8], [9.12, 9.6, 9.58, 9.25, 9.84, 9.99]]","[24, 6]",post-supersize,5,5,6,2,[],0,14,1,suggestion
False,"[[5.62, 5.13, 4.92, 5.4, 7.9, 6.24], [9.91, 9.98, 9.42, 9.98, 9.97, 10.0]]","[5, 25]",pre-supersize,3,6,6,2,[],0,15,1,suggestion
False,"[[5.98, 4.39, 5.4, 5.13, 4.32, 6.51], [9.36, 8.89, 8.95, 9.98, 7.52, 9.99], [9.79, 9.66, 9.24, 7.0, 9.33, 2.93], [1.91, 1.91, 1.91, 3.62, 1.91, 3.09], [0.86, 0.86, 0.86, 9.31, 0.86, 7.27]]","[12, 2, 5, 4, 7]",pre-supersize,1,6,6,2,[],0,16,1,suggestion
False,"[[4.6, 5.03, 5.07, 3.53, 4.75], [9.98, 8.85, 10.0, 9.63, 9.96]]","[8, 22]",control,-1,5,5,2,[],0,17,1,suggestion
False,"[[4.21, 7.76, 5.66, 4.6, 4.87], [9.65, 10.0, 10.0, 9.99, 9.21], [8.24, 5.33, 3.27, 4.83, 9.19], [1.91, 7.77, 4.36, 5.53, 1.91], [0.86, 6.93, 6.87, 8.93, 0.86]]","[3, 11, 11, 4, 1]",control,-1,5,5,2,[],0,18,1,suggestion
False,"[[4.26, 5.45, 5.15, 6.87, 5.5, 2.83], [9.97, 8.92, 9.86, 9.99, 9.98, 8.7]]","[29, 1]",post-supersize,5,5,6,2,[],0,19,1,suggestion
False,"[[8.13, 4.68, 7.23, 5.51, 4.49], [9.79, 9.21, 9.93, 9.37, 9.46]]","[16, 14]",control,-1,5,5,2,[],0,20,1,suggestion
False,"[[4.33, 5.47, 4.86, 4.58, 4.12, 4.65], [9.96, 9.99, 9.99, 9.99, 9.87, 9.98]]","[19, 11]",pre-supersize,2,6,6,2,[],0,21,1,suggestion
False,"[[4.39, 6.01, 3.9, 4.43, 5.11, 4.64], [8.89, 10.0, 9.69, 9.99, 8.39, 9.99], [9.66, 5.81, 9.64, 8.77, 9.25, 6.65], [1.91, 4.68, 7.77, 4.47, 1.91, 1.91], [0.86, 6.51, 5.88, 5.32, 0.86, 9.29]]","[10, 4, 7, 8, 1]",pre-supersize,2,6,6,2,[],0,22,1,suggestion
False,"[[3.29, 4.92, 4.37, 6.26, 5.41, 9.07], [8.11, 9.73, 9.99, 9.99, 9.96, 9.94], [9.73, 9.74, 7.96, 6.61, 7.81, 8.83], [1.91, 7.77, 2.98, 4.68, 3.83, 9.57], [0.86, 5.88, 8.24, 8.72, 7.77, 8.53]]","[14, 1, 9, 2, 4]",post-supersize,5,5,6,2,[],0,23,1,suggestion
False,"[[4.92, 4.73, 2.69, 5.18, 4.89], [9.99, 9.97, 9.59, 9.97, 9.95], [6.02, 5.85, 9.43, 8.06, 7.39], [6.38, 4.36, 1.91, 3.83, 3.83], [8.05, 9.12, 0.86, 7.77, 7.77]]","[14, 5, 6, 2, 3]",control,-1,5,5,2,[],0,24,1,suggestion
False,"[[4.65, 5.03, 4.99, 5.81, 2.83, 5.86], [7.19, 8.85, 9.51, 9.99, 8.7, 9.93], [9.58, 9.05, 8.27, 8.77, 9.42, 8.05], [1.91, 1.91, 1.91, 1.06, 1.91, 4.89], [0.86, 0.86, 0.86, 8.36, 0.86, 7.71]]","[4, 1, 21, 1, 3]",post-supersize,5,5,6,2,[],0,25,1,suggestion
False,"[[5.23, 4.7, 4.62, 7.59, 5.42], [10.0, 9.99, 9.96, 9.94, 10.0]]","[3, 27]",control,-1,5,5,2,[],0,26,1,suggestion
False,"[[5.07, 3.77, 9.27, 4.61, 2.69, 3.29], [9.12, 5.33, 9.94, 9.99, 9.59, 8.11]]","[14, 16]",post-supersize,5,5,6,2,[],0,27,1,suggestion
False,"[[4.87, 10.0, 4.18, 4.81, 4.53, 5.58], [9.21, 9.61, 9.98, 9.99, 9.99, 9.02]]","[28, 2]",pre-supersize,4,6,6,2,[],0,28,1,suggestion
False,"[[5.75, 4.65, 4.56, 3.78, 4.52, 5.41], [9.99, 7.19, 9.96, 8.97, 9.99, 9.96], [8.44, 9.58, 9.24, 9.59, 7.46, 7.81], [4.47, 1.91, 0.85, 1.91, 3.62, 3.83], [9.89, 0.86, 5.23, 0.86, 9.31, 7.77]]","[6, 4, 9, 2, 9]",pre-supersize,0,6,6,2,[],0,29,1,suggestion
False,"[[6.89, 6.6, 5.6, 5.03, 5.51], [9.99, 9.99, 9.99, 8.85, 9.6], [8.57, 7.92, 7.26, 9.05, 8.39], [4.47, 4.47, 4.68, 1.91, 1.91], [9.89, 8.42, 8.72, 0.86, 0.86]]","[13, 2, 7, 3, 5]",control,-1,5,5,2,[],0,30,1,suggestion
False,"[[4.53, 4.56, 4.39, 4.3, 5.4], [9.99, 9.96, 8.56, 9.98, 8.95], [4.72, 9.24, 9.3, 7.71, 9.24], [2.45, 0.85, 1.91, 3.62, 1.91], [8.15, 5.23, 0.86, 8.28, 0.86]]","[1, 9, 8, 10, 2]",control,-1,5,5,2,[],0,31,1,suggestion
False,"[[4.7, 4.55, 4.7, 3.52, 6.13], [10.0, 9.88, 9.99, 9.97, 9.99]]","[18, 12]",control,-1,5,5,2,[],0,32,1,suggestion
False,"[[5.04, 5.39, 7.07, 7.23, 6.31, 5.09], [9.03, 9.59, 10.0, 9.93, 9.99, 8.96], [9.4, 8.69, 3.12, 9.3, 7.15, 9.96], [1.91, 1.91, 4.36, 9.57, 4.68, 1.91], [0.86, 0.86, 9.26, 8.53, 8.72, 0.86]]","[8, 2, 3, 14, 3]",post-supersize,5,5,6,2,[],0,33,1,suggestion
False,"[[4.42, 4.61, 5.46, 4.73, 4.67, 3.5], [10.0, 9.9, 8.75, 10.0, 10.0, 9.08]]","[9, 21]",post-supersize,5,5,6,2,[],0,34,1,suggestion
False,"[[6.07, 5.4, 4.77, 4.6, 3.94, 6.9], [9.98, 8.95, 9.41, 9.98, 9.17, 9.95], [8.5, 9.24, 9.06, 6.22, 9.7, 8.1], [1.17, 1.91, 1.91, 2.98, 1.91, 4.89], [6.24, 0.86, 0.86, 7.75, 0.86, 7.71]]","[3, 16, 7, 3, 1]",pre-supersize,0,6,6,2,[],0,35,1,suggestion
False,"[[3.9, 5.12, 3.05, 6.94, 4.04, 5.85], [9.91, 9.99, 6.78, 10.0, 9.98, 9.99]]","[1, 29]",pre-supersize,1,6,6,2,[],0,36,1,suggestion
False,"[[3.85, 9.89, 4.0, 4.87, 5.61, 2.04], [9.86, 9.94, 8.65, 9.21, 9.99, 7.89], [7.57, 8.4, 9.25, 9.19, 3.03, 9.61], [1.06, 4.89, 1.91, 1.91, 2.45, 1.91], [7.71, 7.71, 0.86, 0.86, 7.18, 0.86]]","[2, 17, 4, 6, 1]",post-supersize,5,5,6,2,[],0,37,1,suggestion
False,"[[6.62, 4.32, 6.31, 8.64, 4.94, 9.02], [9.27, 9.93, 8.38, 9.99, 9.99, 9.97], [9.93, 6.77, 9.69, 7.85, 7.31, 8.4], [1.91, 1.06, 1.91, 4.26, 3.51, 4.89], [0.86, 7.71, 0.86, 8.3, 5.97, 7.71]]","[14, 1, 1, 5, 9]",pre-supersize,5,6,6,2,[],0,38,1,suggestion
False,"[[6.94, 4.76, 4.91, 4.54, 4.44, 7.39], [10.0, 9.89, 9.91, 9.99, 10.0, 9.99]]","[22, 8]",pre-supersize,2,6,6,2,[],0,39,1,suggestion
False,"[[7.91, 4.27, 4.64, 5.5, 5.58], [9.98, 9.98, 9.94, 9.96, 9.02], [7.06, 5.28, 7.69, 9.38, 9.46], [3.62, 6.38, 4.89, 0.85, 1.91], [9.31, 8.05, 7.71, 5.23, 0.86]]","[3, 2, 6, 12, 7]",control,-1,5,5,2,[],0,40,1,suggestion
False,"[[4.98, 4.44, 2.78, 3.53, 5.7], [9.28, 9.99, 9.87, 9.96, 9.99]]","[5, 25]",control,-1,5,5,2,[],0,41,1,suggestion
False,"[[9.85, 4.99, 5.51, 5.2, 4.43, 8.98], [9.93, 9.95, 9.6, 9.99, 9.99, 9.96]]","[19, 11]",post-supersize,5,5,6,2,[],0,42,1,suggestion
False,"[[4.73, 4.49, 4.44, 4.92, 5.6, 5.01], [9.97, 9.46, 9.99, 9.84, 9.45, 9.97]]","[4, 26]",pre-supersize,3,6,6,2,[],0,43,1,suggestion
False,"[[5.65, 5.97, 5.07, 3.63, 5.62], [9.84, 9.99, 9.12, 9.91, 9.99], [9.42, 5.61, 8.33, 7.57, 6.03], [7.77, 6.38, 1.91, 1.06, 6.28], [5.88, 8.05, 0.86, 7.71, 7.29]]","[5, 7, 14, 3, 1]",control,-1,5,5,2,[],0,44,1,suggestion
False,"[[4.85, 5.28, 4.73, 5.11, 5.28], [9.98, 9.99, 9.97, 10.0, 10.0]]","[5, 25]",control,-1,5,5,2,[],0,45,1,suggestion
False,"[[6.31, 8.16, 6.62, 4.73, 4.51, 5.9], [9.99, 9.99, 9.91, 10.0, 9.96, 9.99], [7.15, 7.85, 9.09, 8.75, 7.39, 7.92], [4.68, 4.26, 9.57, 1.06, 3.83, 5.96], [8.72, 8.3, 8.53, 8.36, 7.77, 8.3]]","[10, 6, 2, 10, 2]",pre-supersize,3,6,6,2,[],0,46,1,suggestion
False,"[[5.06, 7.22, 6.62, 6.79, 9.0, 5.28], [5.77, 9.91, 9.27, 10.0, 9.96, 9.25]]","[26, 4]",post-supersize,5,5,6,2,[],0,47,1,suggestion
False,"[[3.05, 2.79, 5.88, 5.81, 4.0, 5.62], [6.78, 9.82, 8.75, 10.0, 8.65, 9.91], [9.58, 9.72, 9.1, 6.12, 9.25, 6.98], [1.91, 0.85, 1.91, 3.94, 1.91, 1.06], [0.86, 5.23, 0.86, 8.76, 0.86, 7.71]]","[2, 9, 3, 8, 8]",post-supersize,5,5,6,2,[],0,48,1,suggestion
False,"[[4.92, 4.94, 6.07, 4.8, 6.17, 5.4], [9.42, 9.99, 10.0, 9.99, 9.99, 8.95], [8.55, 7.31, 0.0, 7.17, 7.58, 9.24], [1.91, 3.51, 5.32, 3.62, 7.23, 1.91], [0.86, 5.97, 10.0, 8.28, 5.97, 0.86]]","[2, 7, 12, 6, 3]",post-supersize,5,5,6,2,[],0,49,1,suggestion
False,"[[6.9, 5.51, 4.12, 5.81, 6.11, 4.61], [9.95, 9.98, 9.22, 9.99, 9.36, 9.98]]","[11, 19]",pre-supersize,4,6,6,2,[],0,50,1,suggestion
False,"[[5.25, 6.98, 6.53, 4.99, 4.84], [10.0, 9.94, 0.0, 9.99, 9.96], [6.12, 9.27, 9.74, 8.83, 7.71], [3.19, 9.57, 1.91, 1.17, 4.89], [8.21, 8.53, 0.86, 6.24, 7.71]]","[11, 8, 1, 6, 4]",control,-1,5,5,2,[],0,51,1,suggestion
False,"[[9.0, 8.58, 4.36, 3.5, 5.27, 4.6], [9.96, 9.96, 8.62, 9.97, 9.97, 9.98], [2.93, 8.1, 9.21, 8.48, 6.1, 6.22], [3.09, 4.89, 1.91, 2.98, 2.55, 2.98], [7.27, 7.71, 0.86, 6.11, 8.09, 7.75]]","[17, 7, 3, 1, 2]",pre-supersize,0,6,6,2,[],0,52,1,suggestion
False,"[[5.28, 5.45, 6.39, 5.22, 4.92, 4.84], [9.25, 10.0, 9.99, 9.99, 9.84, 9.96]]","[13, 17]",post-supersize,5,5,6,2,[],0,53,1,suggestion
False,"[[5.11, 4.99, 3.96, 6.54, 8.64], [9.98, 9.99, 9.76, 9.99, 9.99]]","[7, 23]",control,-1,5,5,2,[],0,54,1,suggestion
False,"[[5.33, 5.27, 6.23, 4.46, 4.79], [8.4, 9.97, 9.98, 9.99, 10.0], [9.6, 6.1, 7.3, 7.44, 6.65], [1.91, 2.55, 7.55, 3.62, 1.91], [0.86, 8.09, 9.45, 8.28, 9.29]]","[3, 4, 1, 17, 5]",control,-1,5,5,2,[],0,55,1,suggestion
False,"[[4.43, 5.06, 4.43, 4.99, 5.6, 4.4], [9.07, 5.77, 9.86, 9.51, 8.88, 9.97]]","[11, 19]",post-supersize,5,5,6,2,[],0,56,1,suggestion
False,"[[4.36, 4.44, 4.18, 4.69, 6.21, 6.51], [8.62, 9.74, 9.98, 9.99, 10.0, 9.99], [9.21, 8.86, 4.46, 6.02, 5.37, 2.93], [1.91, 7.77, 2.45, 6.38, 6.81, 3.09], [0.86, 5.88, 8.15, 8.05, 8.51, 7.27]]","[10, 3, 2, 8, 7]",post-supersize,5,5,6,2,[],0,57,1,suggestion
False,"[[4.46, 6.87, 4.43, 5.65, 5.55, 4.99], [9.99, 9.99, 9.86, 9.84, 9.96, 9.99], [6.07, 5.51, 8.82, 9.42, 9.1, 7.85], [7.23, 3.51, 7.77, 7.77, 0.85, 4.26], [7.63, 9.33, 5.88, 5.88, 5.23, 8.3]]","[11, 8, 7, 1, 3]",pre-supersize,1,6,6,2,[],0,58,1,suggestion
False,"[[6.67, 6.76, 3.42, 4.7, 6.59, 5.01], [9.99, 10.0, 9.95, 9.99, 10.0, 9.97]]","[5, 25]",pre-supersize,4,6,6,2,[],0,59,1,suggestion
False,"[[6.39, 5.45, 1.55, 3.5, 5.31], [9.99, 8.91, 7.74, 9.97, 9.99]]","[18, 12]",control,-1,5,5,2,[],0,60,1,suggestion
False,"[[4.72, 7.38, 2.83, 4.39, 6.24, 5.56], [9.97, 9.95, 8.7, 9.99, 10.0, 8.38]]","[28, 2]",post-supersize,5,5,6,2,[],0,61,1,suggestion
False,"[[4.6, 5.31, 3.55, 6.71, 4.46], [9.98, 9.99, 9.98, 9.36, 10.0]]","[17, 13]",control,-1,5,5,2,[],0,62,1,suggestion
False,"[[3.9, 3.85, 4.49, 2.83, 7.46], [9.69, 9.86, 9.46, 8.7, 10.0], [9.64, 7.57, 8.16, 9.42, 5.27], [7.77, 1.06, 1.91, 1.91, 6.49], [5.88, 7.71, 0.86, 0.86, 8.91]]","[19, 1, 1, 6, 3]",control,-1,5,5,2,[],0,63,1,suggestion
False,"[[5.33, 4.68, 2.94, 4.39, 8.13, 4.26], [8.4, 9.99, 9.98, 9.99, 9.79, 9.97]]","[14, 16]",pre-supersize,4,6,6,2,[],0,64,1,suggestion
False,"[[8.18, 5.11, 5.03, 4.53, 4.97, 7.07], [9.99, 9.55, 8.85, 9.92, 9.99, 10.0], [8.12, 8.21, 9.05, 7.03, 8.04, 3.12], [4.47, 1.91, 1.91, 1.06, 4.47, 4.36], [9.89, 0.86, 0.86, 7.71, 9.89, 9.26]]","[7, 6, 11, 1, 5]",post-supersize,5,5,6,2,[],0,65,1,suggestion
False,"[[4.89, 5.68, 5.76, 4.53, 4.71, 4.43], [10.0, 9.47, 9.96, 9.92, 9.98, 9.99], [4.83, 8.81, 7.75, 7.03, 8.53, 8.77], [5.53, 1.91, 3.83, 1.06, 4.47, 4.47], [8.93, 0.86, 7.77, 7.71, 5.32, 5.32]]","[1, 20, 1, 2, 6]",pre-supersize,1,6,6,2,[],0,66,1,suggestion
False,"[[5.85, 3.42, 5.5, 6.27, 4.47, 4.16], [9.99, 9.95, 9.96, 8.87, 10.0, 9.98], [7.96, 7.5, 9.38, 9.13, 5.92, 8.52], [3.83, 3.62, 0.85, 1.91, 1.91, 4.47], [9.33, 8.28, 5.23, 0.86, 9.29, 5.32]]","[1, 14, 3, 5, 7]",post-supersize,5,5,6,2,[],0,67,1,suggestion
False,"[[9.89, 5.73, 4.55, 4.96, 6.24, 6.85], [9.94, 9.99, 9.99, 9.94, 10.0, 10.0]]","[9, 21]",post-supersize,5,5,6,2,[],0,68,1,suggestion
False,"[[5.39, 5.3, 5.81, 4.77, 9.07, 3.9], [9.98, 9.97, 9.99, 9.41, 9.94, 9.69], [6.9, 7.07, 8.77, 9.06, 8.83, 9.64], [2.55, 3.62, 1.06, 1.91, 9.57, 7.77], [8.09, 8.28, 8.36, 0.86, 8.53, 5.88]]","[3, 7, 4, 5, 11]",pre-supersize,5,6,6,2,[],0,69,1,suggestion
False,"[[6.67, 5.78, 4.12, 7.11, 2.7, 5.61], [9.99, 9.99, 9.87, 10.0, 9.45, 9.98]]","[25, 5]",pre-supersize,0,6,6,2,[],0,70,1,suggestion
False,"[[8.16, 4.71, 6.17, 4.1, 6.15], [10.0, 9.99, 9.99, 9.87, 9.99]]","[11, 19]",control,-1,5,5,2,[],0,71,1,suggestion
False,"[[7.91, 4.22, 9.0, 3.5, 5.4], [9.98, 9.68, 9.96, 9.97, 7.34], [7.06, 7.3, 2.93, 8.48, 9.77], [3.62, 1.91, 3.09, 2.98, 1.91], [9.31, 0.86, 7.27, 6.11, 0.86]]","[10, 4, 3, 7, 6]",control,-1,5,5,2,[],0,72,1,suggestion
False,"[[9.22, 6.53, 4.92, 4.83, 5.47], [9.83, 10.0, 9.84, 9.24, 9.15]]","[7, 23]",control,-1,5,5,2,[],0,73,1,suggestion
False,"[[6.27, 4.46, 4.91, 2.71, 4.6, 4.42], [8.87, 9.99, 9.81, 9.7, 9.99, 9.99]]","[18, 12]",pre-supersize,5,6,6,2,[],0,74,1,suggestion
False,"[[5.51, 5.41, 2.83, 6.39, 6.5, 5.14], [9.37, 9.96, 8.7, 9.99, 9.96, 9.35], [8.92, 7.81, 9.42, 5.27, 8.42, 7.91], [1.91, 3.83, 1.91, 5.74, 4.89, 1.91], [0.86, 7.77, 0.86, 7.84, 7.71, 0.86]]","[1, 1, 6, 9, 13]",pre-supersize,4,6,6,2,[],0,75,1,suggestion
False,"[[4.22, 5.15, 4.89, 5.31, 3.55, 7.53], [9.68, 9.86, 10.0, 9.99, 9.97, 9.84], [7.3, 9.39, 4.83, 6.29, 7.76, 9.23], [1.91, 7.77, 5.53, 5.43, 3.62, 7.77], [0.86, 5.88, 8.93, 5.36, 8.28, 5.88]]","[8, 6, 9, 1, 6]",post-supersize,5,5,6,2,[],0,76,1,suggestion
False,"[[4.89, 3.11, 3.85, 5.09, 6.11, 4.12], [10.0, 9.74, 9.86, 8.96, 9.36, 8.53]]","[2, 28]",post-supersize,5,5,6,2,[],0,77,1,suggestion
False,"[[5.41, 5.04, 5.49, 5.83, 5.06], [10.0, 9.03, 9.98, 10.0, 5.77], [2.67, 9.4, 6.9, 5.37, 9.33], [5.0, 1.91, 2.55, 6.81, 1.91], [7.6, 0.86, 8.09, 8.51, 0.86]]","[8, 4, 3, 8, 7]",control,-1,5,5,2,[],0,78,1,suggestion
False,"[[4.92, 5.41, 5.78, 3.42, 5.56, 5.22], [9.73, 10.0, 10.0, 9.95, 8.38, 9.99], [9.74, 2.67, 7.31, 7.5, 9.21, 6.93], [7.77, 5.0, 7.13, 3.62, 1.91, 3.51], [5.88, 7.6, 7.92, 8.28, 0.86, 5.97]]","[6, 3, 6, 12, 3]",pre-supersize,2,6,6,2,[],0,79,1,suggestion
False,"[[4.46, 4.44, 5.3, 5.6, 5.9], [8.5, 9.8, 9.97, 9.99, 9.99]]","[1, 29]",control,-1,5,5,2,[],0,80,1,suggestion
False,"[[6.19, 1.11, 4.44, 5.71, 5.16, 4.44], [9.99, 7.92, 9.8, 10.0, 9.98, 9.99], [8.85, 9.99, 8.82, 5.33, 8.98, 9.2], [1.06, 1.91, 7.77, 6.49, 4.47, 3.09], [8.36, 0.86, 5.88, 5.52, 5.32, 9.98]]","[6, 2, 1, 8, 13]",post-supersize,5,5,6,2,[],0,81,1,suggestion
False,"[[4.99, 5.22, 4.32, 7.04, 7.53, 5.08], [9.99, 9.99, 9.89, 9.99, 9.84, 8.99]]","[26, 4]",post-supersize,5,5,6,2,[],0,82,1,suggestion
False,"[[7.07, 6.31, 5.43, 5.15, 4.36, 4.94], [10.0, 8.38, 9.57, 10.0, 9.93, 9.99]]","[28, 2]",pre-supersize,1,6,6,2,[],0,83,1,suggestion
False,"[[4.91, 9.07, 4.64, 7.34, 5.25], [9.91, 9.94, 9.94, 9.07, 10.0], [8.63, 8.83, 7.69, 8.8, 6.12], [3.83, 9.57, 4.89, 1.91, 3.19], [7.77, 8.53, 7.71, 0.86, 8.21]]","[15, 1, 3, 5, 6]",control,-1,5,5,2,[],0,84,1,suggestion
False,"[[6.64, 4.04, 6.89, 4.63, 5.09], [10.0, 9.98, 9.99, 9.48, 8.96], [6.12, 8.48, 8.57, 8.68, 9.96], [3.94, 2.98, 4.47, 1.91, 1.91], [8.76, 6.11, 9.89, 0.86, 0.86]]","[7, 10, 9, 1, 3]",control,-1,5,5,2,[],0,85,1,suggestion
False,"[[1.84, 5.81, 5.41, 4.36, 5.65, 5.88], [4.86, 10.0, 9.96, 9.93, 9.84, 8.75], [9.52, 6.12, 7.81, 6.94, 9.42, 9.1], [1.91, 3.94, 3.83, 1.06, 7.77, 1.91], [0.86, 8.76, 7.77, 7.71, 5.88, 0.86]]","[4, 5, 8, 4, 9]",pre-supersize,0,6,6,2,[],0,86,1,suggestion
False,"[[5.08, 2.78, 10.0, 4.47, 2.58], [8.99, 9.87, 9.61, 8.22, 8.75]]","[20, 10]",control,-1,5,5,2,[],0,87,1,suggestion
False,"[[4.77, 4.43, 6.13, 4.64, 4.27, 4.8], [9.41, 9.99, 9.99, 9.99, 9.98, 9.99]]","[5, 25]",pre-supersize,0,6,6,2,[],0,88,1,suggestion
False,"[[6.23, 4.9, 5.39, 6.94, 5.07, 3.97], [9.98, 10.0, 9.93, 10.0, 9.12, 9.98]]","[29, 1]",post-supersize,5,5,6,2,[],0,89,1,suggestion
False,"[[6.34, 3.45, 3.9, 9.89, 5.54, 5.45], [10.0, 9.59, 9.91, 9.94, 9.96, 10.0], [3.91, 9.11, 6.98, 8.4, 9.35, 8.22], [7.66, 1.91, 1.06, 4.89, 0.85, 4.47], [6.74, 0.86, 7.71, 7.71, 5.23, 8.42]]","[3, 10, 11, 1, 5]",post-supersize,5,5,6,2,[],0,90,1,suggestion
False,"[[4.32, 4.68, 5.87, 6.34, 5.12, 4.71], [9.93, 9.98, 9.99, 10.0, 9.99, 9.98]]","[25, 5]",post-supersize,5,5,6,2,[],0,91,1,suggestion
False,"[[6.98, 5.52, 6.26, 5.1, 5.71, 6.54], [9.94, 10.0, 9.99, 7.99, 10.0, 10.0]]","[18, 12]",pre-supersize,4,6,6,2,[],0,92,1,suggestion
False,"[[8.06, 4.65, 4.46, 4.7, 9.27, 4.65], [9.99, 9.91, 10.0, 9.99, 9.94, 7.19], [8.53, 7.16, 8.2, 5.97, 8.95, 9.58], [4.47, 1.06, 5.96, 7.23, 9.57, 1.91], [9.89, 7.71, 8.3, 7.63, 8.53, 0.86]]","[5, 8, 6, 8, 3]",pre-supersize,3,6,6,2,[],0,93,1,suggestion
False,"[[6.74, 4.33, 6.01, 6.07, 4.21], [9.99, 9.96, 10.0, 9.98, 9.65], [7.92, 8.78, 5.81, 8.5, 8.24], [4.47, 0.85, 4.68, 1.17, 1.91], [8.42, 5.23, 6.51, 6.24, 0.86]]","[5, 6, 3, 6, 10]",control,-1,5,5,2,[],0,94,1,suggestion
False,"[[6.62, 3.85, 5.88, 5.6, 5.27], [9.27, 9.99, 9.94, 8.88, 9.97]]","[7, 23]",control,-1,5,5,2,[],0,95,1,suggestion
False,"[[4.98, 5.11, 5.86, 5.65, 4.55, 5.04], [9.28, 10.0, 9.93, 9.99, 9.08, 9.03], [9.02, 2.76, 8.05, 4.83, 8.5, 9.4], [1.91, 4.04, 4.89, 5.53, 1.91, 1.91], [0.86, 8.97, 7.71, 8.93, 0.86, 0.86]]","[3, 11, 5, 2, 9]",post-supersize,5,5,6,2,[],0,96,1,suggestion
False,"[[7.19, 5.45, 5.9, 4.64, 5.48], [7.8, 9.97, 9.99, 9.94, 10.0]]","[3, 27]",control,-1,5,5,2,[],0,97,1,suggestion
False,"[[7.39, 5.28, 5.15, 5.18, 4.92, 5.72], [9.99, 10.0, 9.86, 9.97, 9.99, 9.99], [8.21, 4.37, 9.39, 8.06, 6.02, 8.18], [3.83, 5.74, 7.77, 3.83, 6.38, 5.74], [9.33, 7.98, 5.88, 7.77, 8.05, 7.92]]","[10, 11, 1, 6, 2]",post-supersize,5,5,6,2,[],0,98,1,suggestion
False,"[[4.43, 6.5, 6.51, 7.39, 6.06, 4.86], [9.86, 9.99, 9.99, 9.99, 9.95, 9.82]]","[28, 2]",post-supersize,5,5,6,2,[],0,99,1,suggestion
False,"[[4.6, 0.0, 5.83, 7.39, 3.91], [9.99, 9.49, 9.99, 9.99, 9.98], [9.13, 9.56, 5.4, 7.85, 5.49], [3.09, 1.91, 5.74, 4.26, 4.36], [9.98, 0.86, 7.84, 8.3, 9.12]]","[2, 3, 4, 11, 10]",control,-1,5,5,2,[],0,100,1,suggestion
False,"[[4.84, 5.55, 6.79, 4.95, 7.9, 5.62], [9.96, 9.96, 10.0, 9.86, 9.97, 9.91], [7.71, 9.1, 2.64, 7.41, 7.96, 6.98], [4.89, 0.85, 3.62, 1.06, 4.89, 1.06], [7.71, 5.23, 9.45, 7.71, 7.71, 7.71]]","[6, 2, 5, 16, 1]",pre-supersize,3,6,6,2,[],0,101,1,suggestion
False,"[[7.07, 4.09, 5.5, 4.71, 3.9, 5.6], [10.0, 9.97, 9.98, 9.98, 9.99, 8.88]]","[20, 10]",pre-supersize,4,6,6,2,[],0,102,1,suggestion
False,"[[5.89, 6.71, 6.55, 4.53, 5.65, 4.04], [9.95, 9.36, 9.99, 9.97, 9.99, 9.98]]","[27, 3]",post-supersize,5,5,6,2,[],0,103,1,suggestion
False,"[[7.91, 7.76, 4.99, 7.22, 4.62, 4.43], [9.98, 10.0, 10.0, 9.91, 9.96, 9.07], [7.06, 5.33, 6.12, 9.14, 8.21, 10.0], [3.62, 7.77, 3.19, 9.57, 3.83, 1.91], [9.31, 6.93, 8.21, 8.53, 7.77, 0.86]]","[7, 1, 5, 3, 14]",pre-supersize,5,6,6,2,[],0,104,1,suggestion
False,"[[5.4, 4.43, 5.88, 7.22, 3.9, 5.98], [8.95, 9.07, 10.0, 9.91, 9.69, 9.36]]","[11, 19]",pre-supersize,0,6,6,2,[],0,105,1,suggestion
False,"[[4.98, 4.99, 7.04, 5.3, 4.61], [9.28, 9.99, 9.99, 9.97, 9.9]]","[23, 7]",control,-1,5,5,2,[],0,106,1,suggestion
False,"[[5.08, 5.27, 4.12, 6.9, 4.8], [10.0, 9.97, 9.87, 9.95, 9.99], [7.69, 6.1, 7.18, 8.1, 7.17], [4.04, 2.55, 1.06, 4.89, 3.62], [8.42, 8.09, 7.71, 7.71, 8.28]]","[3, 3, 2, 3, 19]",control,-1,5,5,2,[],0,107,1,suggestion
False,"[[4.44, 4.4, 4.44, 5.86, 3.9, 5.44], [9.99, 9.98, 9.8, 10.0, 9.69, 9.49], [9.2, 9.26, 8.82, 6.12, 9.64, 8.74], [3.09, 3.09, 7.77, 3.19, 7.77, 1.91], [9.98, 9.98, 5.88, 8.21, 5.88, 0.86]]","[16, 6, 1, 2, 5]",post-supersize,5,5,6,2,[],0,108,1,suggestion
False,"[[4.39, 7.9, 5.11, 6.98, 3.53], [9.75, 9.97, 9.98, 9.94, 9.63]]","[23, 7]",control,-1,5,5,2,[],0,109,1,suggestion
False,"[[5.2, 5.46, 6.11, 5.36, 4.81], [9.99, 8.75, 9.36, 9.99, 9.99], [7.16, 9.34, 8.0, 4.63, 5.82], [3.51, 1.91, 1.91, 5.74, 4.36], [5.97, 0.86, 0.86, 7.84, 9.12]]","[4, 6, 1, 1, 18]",control,-1,5,5,2,[],0,110,1,suggestion
False,"[[3.96, 4.09, 4.36, 4.18, 6.09, 5.25], [8.95, 9.97, 9.93, 9.98, 9.99, 10.0]]","[7, 23]",pre-supersize,3,6,6,2,[],0,111,1,suggestion
False,"[[4.6, 5.08, 4.28, 4.73, 4.68, 3.05], [9.98, 10.0, 9.97, 10.0, 9.21, 6.78], [6.22, 7.69, 8.4, 8.75, 9.32, 9.58], [2.98, 4.04, 2.98, 1.06, 1.91, 1.91], [7.75, 8.42, 6.11, 8.36, 0.86, 0.86]]","[2, 10, 1, 15, 2]",pre-supersize,4,6,6,2,[],0,112,1,suggestion
False,"[[4.99, 5.47, 4.44, 6.53, 3.9, 7.05], [9.51, 9.99, 9.74, 10.0, 9.91, 10.0]]","[27, 3]",post-supersize,5,5,6,2,[],0,113,1,suggestion
False,"[[2.57, 5.48, 6.62, 5.39, 6.53, 4.75], [9.69, 10.0, 9.91, 9.99, 0.0, 9.96], [9.8, 6.51, 9.09, 7.97, 9.74, 6.73], [7.77, 4.47, 9.57, 5.96, 1.91, 2.55], [5.88, 8.95, 8.53, 8.3, 0.86, 8.09]]","[18, 2, 3, 1, 6]",post-supersize,5,5,6,2,[],0,114,1,suggestion
False,"[[5.41, 7.11, 5.58, 5.61, 4.94], [9.96, 10.0, 9.02, 9.98, 9.99], [7.81, 4.38, 9.46, 4.3, 7.31], [3.83, 10.0, 1.91, 3.09, 3.51], [7.77, 7.29, 0.86, 7.27, 5.97]]","[2, 9, 2, 11, 6]",control,-1,5,5,2,[],0,115,1,suggestion
False,"[[5.28, 4.73, 7.38, 5.15, 2.78], [9.99, 10.0, 9.95, 9.57, 9.87]]","[22, 8]",control,-1,5,5,2,[],0,116,1,suggestion
False,"[[6.9, 4.53, 3.85, 4.92, 4.71, 3.84], [9.95, 9.97, 9.86, 9.99, 9.97, 9.01], [8.1, 8.86, 7.57, 6.02, 8.84, 9.15], [4.89, 2.98, 1.06, 6.38, 2.98, 1.91], [7.71, 6.11, 7.71, 8.05, 6.11, 0.86]]","[10, 5, 2, 8, 5]",post-supersize,5,5,6,2,[],0,117,1,suggestion
False,"[[8.58, 4.73, 6.62, 4.12, 4.91, 6.19], [9.96, 10.0, 9.91, 9.76, 9.99, 8.9]]","[29, 1]",post-supersize,5,5,6,2,[],0,118,1,suggestion
False,"[[5.97, 10.0, 8.37, 4.3, 4.55, 4.44], [9.99, 9.61, 9.77, 9.98, 9.08, 10.0], [5.61, 9.3, 9.17, 7.71, 8.5, 2.64], [6.38, 1.91, 7.77, 3.62, 1.91, 5.96], [8.05, 0.86, 5.88, 8.28, 0.86, 7.56]]","[11, 1, 8, 6, 4]",pre-supersize,2,6,6,2,[],0,119,1,suggestion
False,"[[4.39, 3.98, 6.17, 6.13, 6.5, 4.26], [9.75, 9.9, 8.78, 9.99, 9.96, 9.98]]","[14, 16]",pre-supersize,1,6,6,2,[],0,120,1,suggestion
False,"[[5.4, 5.49, 5.28, 5.11, 4.44], [7.34, 9.28, 9.25, 9.55, 9.99], [9.77, 9.03, 8.54, 8.21, 9.2], [1.91, 1.91, 1.91, 1.91, 3.09], [0.86, 0.86, 0.86, 0.86, 9.98]]","[1, 9, 14, 5, 1]",control,-1,5,5,2,[],0,121,1,suggestion
False,"[[5.25, 4.63, 4.43, 5.27, 6.13, 5.45], [9.13, 9.48, 9.07, 9.59, 9.99, 9.97], [8.5, 8.68, 10.0, 7.4, 7.32, 8.56], [1.91, 1.91, 1.91, 1.91, 4.68, 1.17], [0.86, 0.86, 0.86, 0.86, 8.72, 6.24]]","[4, 4, 1, 12, 9]",post-supersize,5,5,6,2,[],0,122,1,suggestion
False,"[[6.36, 4.48, 2.94, 7.59, 4.89, 4.98], [9.93, 9.99, 9.98, 9.94, 9.52, 10.0], [8.05, 3.74, 9.37, 9.08, 8.75, 5.33], [4.89, 3.4, 2.02, 9.57, 1.91, 7.77], [7.71, 6.85, 0.0, 8.53, 0.86, 6.93]]","[8, 1, 7, 5, 9]",pre-supersize,5,6,6,2,[],0,123,1,suggestion
False,"[[5.85, 6.6, 5.86, 5.51, 6.89, 5.04], [9.99, 9.99, 9.93, 9.6, 9.99, 9.17]]","[28, 2]",pre-supersize,4,6,6,2,[],0,124,1,suggestion
False,"[[6.36, 5.28, 6.31, 4.73, 4.26], [9.93, 9.74, 8.38, 10.0, 9.97]]","[15, 15]",control,-1,5,5,2,[],0,125,1,suggestion
False,"[[4.87, 5.4, 4.99, 4.8, 4.11, 5.92], [9.21, 9.98, 9.51, 9.85, 9.98, 8.28]]","[27, 3]",post-supersize,5,5,6,2,[],0,126,1,suggestion
False,"[[5.27, 4.45, 5.18, 7.39, 5.73, 4.68], [9.97, 9.99, 9.97, 9.99, 9.95, 9.99]]","[14, 16]",pre-supersize,3,6,6,2,[],0,127,1,suggestion
False,"[[5.05, 4.46, 2.04, 4.73, 2.57], [9.99, 9.99, 7.89, 10.0, 9.69]]","[11, 19]",control,-1,5,5,2,[],0,128,1,suggestion
False,"[[4.77, 4.45, 4.45, 4.71, 7.39, 5.46], [9.41, 9.99, 9.99, 9.98, 9.99, 8.75], [9.06, 5.12, 1.29, 8.53, 8.21, 9.34], [1.91, 3.3, 3.94, 4.47, 3.83, 1.91], [0.86, 6.98, 5.73, 5.32, 9.33, 0.86]]","[1, 1, 8, 19, 1]",pre-supersize,1,6,6,2,[],0,129,1,suggestion
False,"[[6.55, 5.39, 4.58, 4.94, 7.76, 5.18], [9.48, 9.98, 9.93, 9.99, 10.0, 9.97]]","[6, 24]",post-supersize,5,5,6,2,[],0,130,1,suggestion
False,"[[4.39, 5.27, 5.59, 4.51, 5.41, 7.9], [8.56, 10.0, 9.99, 9.99, 10.0, 9.97], [9.3, 5.15, 5.4, 8.89, 2.67, 7.96], [1.91, 1.91, 5.74, 4.47, 5.0, 4.89], [0.86, 9.29, 7.84, 5.32, 7.6, 7.71]]","[2, 2, 14, 8, 4]",post-supersize,5,5,6,2,[],0,131,1,suggestion
False,"[[5.78, 4.73, 4.42, 4.39, 4.46], [10.0, 9.98, 9.99, 8.89, 9.99], [7.31, 8.76, 6.29, 9.66, 6.07], [7.13, 2.98, 5.43, 1.91, 7.23], [7.92, 6.11, 5.36, 0.86, 7.63]]","[8, 4, 2, 2, 14]",control,-1,5,5,2,[],0,132,1,suggestion
False,"[[4.32, 3.11, 7.38, 4.36, 3.55, 6.74], [9.93, 9.74, 9.95, 9.98, 9.97, 9.99], [6.77, 9.64, 7.69, 9.02, 7.76, 7.92], [1.06, 7.77, 4.89, 1.17, 3.62, 4.47], [7.71, 5.88, 7.71, 6.24, 8.28, 8.42]]","[3, 1, 15, 2, 9]",post-supersize,5,5,6,2,[],0,133,1,suggestion
False,"[[3.05, 5.51, 4.6, 7.05, 3.34, 5.68], [6.78, 9.6, 9.98, 10.0, 7.09, 9.47]]","[23, 7]",pre-supersize,4,6,6,2,[],0,134,1,suggestion
False,"[[6.04, 5.47, 4.21, 4.88, 4.8, 5.28], [9.99, 9.15, 9.89, 9.96, 9.99, 10.0]]","[5, 25]",post-supersize,5,5,6,2,[],0,135,1,suggestion
False,"[[5.4, 5.39, 5.08, 4.77, 5.78], [8.95, 9.99, 9.98, 9.41, 10.0], [9.24, 7.97, 5.82, 9.06, 7.31], [1.91, 5.96, 4.36, 1.91, 7.13], [0.86, 8.3, 9.12, 0.86, 7.92]]","[2, 6, 1, 6, 15]",control,-1,5,5,2,[],0,136,1,suggestion
False,"[[1.84, 5.6, 4.21, 4.64, 6.27, 5.7], [4.86, 9.99, 9.89, 9.94, 8.87, 9.99], [9.52, 7.26, 8.89, 7.69, 9.13, 7.46], [1.91, 4.68, 0.85, 4.89, 1.91, 3.62], [0.86, 8.72, 5.23, 7.71, 0.86, 9.31]]","[5, 5, 10, 3, 7]",pre-supersize,3,6,6,2,[],0,137,1,suggestion
False,"[[4.69, 3.98, 5.1, 6.17, 4.39], [9.99, 9.9, 7.99, 9.99, 9.75]]","[22, 8]",control,-1,5,5,2,[],0,138,1,suggestion
False,"[[4.96, 4.51, 5.05, 4.26, 4.97], [9.6, 9.96, 9.99, 9.97, 9.99]]","[14, 16]",control,-1,5,5,2,[],0,139,1,suggestion
False,"[[6.6, 5.44, 5.08, 4.73, 5.86, 6.53], [9.99, 9.73, 9.98, 10.0, 10.0, 0.0]]","[4, 26]",pre-supersize,5,6,6,2,[],0,140,1,suggestion
False,"[[4.64, 5.14, 5.52, 7.14, 4.32, 4.22], [9.99, 9.35, 10.0, 10.0, 7.52, 9.68], [9.11, 7.91, 7.69, 4.38, 9.33, 7.3], [2.02, 1.91, 4.04, 10.0, 1.91, 1.91], [0.0, 0.86, 8.42, 7.29, 0.86, 0.86]]","[4, 15, 4, 5, 2]",pre-supersize,2,6,6,2,[],0,141,1,suggestion
False,"[[6.21, 6.17, 1.11, 6.26, 4.59], [10.0, 9.99, 7.92, 9.99, 1.74], [5.37, 7.58, 9.99, 6.61, 9.39], [6.81, 7.23, 1.91, 4.68, 1.91], [8.51, 5.97, 0.86, 8.72, 0.86]]","[8, 1, 9, 8, 4]",control,-1,5,5,2,[],0,142,1,suggestion
False,"[[5.72, 5.65, 4.6, 2.57, 4.59, 5.55], [8.22, 9.99, 9.98, 9.69, 1.74, 9.96], [9.65, 4.83, 7.5, 9.8, 9.39, 9.1], [1.91, 5.53, 3.62, 7.77, 1.91, 0.85], [0.86, 8.93, 8.28, 5.88, 0.86, 5.23]]","[2, 9, 6, 9, 4]",post-supersize,5,5,6,2,[],0,143,1,suggestion
False,"[[9.27, 5.86, 4.27, 6.9, 5.54, 4.8], [9.94, 10.0, 10.0, 9.95, 10.0, 9.85]]","[8, 22]",post-supersize,5,5,6,2,[],0,144,1,suggestion
False,"[[4.7, 3.5, 7.28, 5.03, 4.0, 3.52], [9.99, 9.08, 9.94, 8.95, 8.65, 9.97], [7.0, 9.46, 7.26, 8.97, 9.25, 5.69], [3.72, 1.91, 4.89, 1.91, 1.91, 4.36], [8.85, 0.86, 7.71, 0.86, 0.86, 9.12]]","[1, 5, 12, 9, 3]",post-supersize,5,5,6,2,[],0,145,1,suggestion
False,"[[5.97, 6.06, 5.59, 5.58, 4.43], [9.99, 9.95, 9.99, 9.99, 9.86]]","[2, 28]",control,-1,5,5,2,[],0,146,1,suggestion
False,"[[4.8, 3.91, 5.39, 5.65, 5.15, 4.99], [9.99, 9.98, 9.98, 9.99, 8.89, 9.99]]","[7, 23]",pre-supersize,5,6,6,2,[],0,147,1,suggestion
False,"[[4.33, 3.53, 6.55, 4.53, 5.89, 4.44], [9.96, 9.96, 9.99, 8.25, 9.95, 9.74], [8.78, 7.69, 8.45, 8.38, 8.01, 8.86], [0.85, 3.62, 4.47, 1.91, 3.83, 7.77], [5.23, 8.28, 9.89, 0.86, 7.77, 5.88]]","[5, 4, 1, 1, 19]",pre-supersize,4,6,6,2,[],0,148,1,suggestion
False,"[[4.49, 4.61, 6.07, 8.57, 5.34], [9.46, 9.98, 9.98, 10.0, 9.05], [8.16, 4.83, 8.5, 6.37, 9.16], [1.91, 2.45, 1.17, 7.77, 1.91], [0.86, 8.15, 6.24, 9.29, 0.86]]","[2, 1, 1, 17, 9]",control,-1,5,5,2,[],0,149,1,suggestion
False,"[[4.95, 8.22, 6.36, 4.36, 4.73, 4.6], [9.86, 10.0, 9.93, 9.98, 9.98, 9.98]]","[16, 14]",post-supersize,5,5,6,2,[],0,150,1,suggestion
False,"[[5.88, 5.25, 4.04, 6.19, 4.21, 3.77], [9.99, 9.13, 9.98, 9.99, 9.65, 5.33]]","[17, 13]",post-supersize,5,5,6,2,[],0,151,1,suggestion
False,"[[5.45, 6.85, 5.14, 6.09, 4.07], [8.92, 10.0, 9.35, 9.99, 2.37]]","[29, 1]",control,-1,5,5,2,[],0,152,1,suggestion
False,"[[4.36, 4.47, 4.95, 5.73, 6.87], [9.93, 10.0, 9.99, 9.99, 9.99], [6.94, 5.92, 8.66, 5.61, 6.37], [1.06, 1.91, 4.47, 6.38, 2.98], [7.71, 9.29, 9.89, 8.05, 8.89]]","[6, 3, 19, 1, 1]",control,-1,5,5,2,[],0,153,1,suggestion
False,"[[6.94, 3.43, 4.99, 7.11, 4.21, 2.7], [9.99, 7.21, 9.51, 10.0, 9.65, 9.45]]","[19, 11]",pre-supersize,3,6,6,2,[],0,154,1,suggestion
False,"[[4.54, 5.47, 6.09, 4.52, 4.49, 5.15], [9.99, 9.99, 9.99, 9.99, 9.46, 9.86], [7.97, 8.62, 5.13, 7.46, 8.16, 9.39], [2.98, 5.74, 7.23, 3.62, 1.91, 7.77], [8.24, 7.92, 5.97, 9.31, 0.86, 5.88]]","[9, 1, 3, 7, 10]",pre-supersize,5,6,6,2,[],0,155,1,suggestion
False,"[[6.17, 4.12, 2.94, 6.62, 6.98, 3.98], [8.78, 8.53, 9.98, 9.91, 9.94, 9.9], [9.37, 8.46, 9.37, 9.09, 9.27, 9.23], [1.91, 1.91, 2.02, 9.57, 9.57, 0.85], [0.86, 0.86, 0.0, 8.53, 8.53, 5.23]]","[7, 4, 12, 1, 6]",post-supersize,5,5,6,2,[],0,156,1,suggestion
False,"[[4.72, 6.87, 4.11, 6.94, 5.28], [9.97, 9.99, 9.98, 10.0, 9.25], [8.45, 6.37, 8.86, 6.51, 8.54], [3.83, 2.98, 2.98, 4.47, 1.91], [7.77, 8.89, 6.11, 8.95, 0.86]]","[2, 16, 7, 2, 3]",control,-1,5,5,2,[],0,157,1,suggestion
False,"[[5.45, 6.05, 4.16, 7.9, 6.94, 6.06], [9.97, 9.98, 9.98, 9.97, 10.0, 9.95], [8.56, 3.91, 8.52, 7.96, 6.51, 7.71], [1.17, 3.09, 4.47, 4.89, 4.47, 4.89], [6.24, 7.27, 5.32, 7.71, 8.95, 7.71]]","[1, 2, 7, 5, 15]",pre-supersize,5,6,6,2,[],0,158,1,suggestion
False,"[[3.5, 5.61, 6.07, 5.58, 4.58, 5.22], [9.08, 9.98, 10.0, 9.99, 9.99, 9.99], [9.46, 4.3, 6.12, 8.81, 8.4, 6.93], [1.91, 3.09, 3.19, 1.17, 5.96, 3.51], [0.86, 7.27, 8.21, 6.24, 8.3, 5.97]]","[11, 6, 7, 2, 4]",post-supersize,5,5,6,2,[],0,159,1,suggestion
False,"[[5.15, 5.4, 5.04, 4.99, 6.34], [10.0, 8.95, 9.17, 9.51, 10.0]]","[23, 7]",control,-1,5,5,2,[],0,160,1,suggestion
False,"[[4.6, 8.27, 3.92, 5.43, 4.4, 4.88], [9.99, 10.0, 8.66, 9.99, 9.98, 10.0]]","[4, 26]",post-supersize,5,5,6,2,[],0,161,1,suggestion
False,"[[8.18, 4.12, 5.23, 6.79, 4.6, 4.3], [9.99, 8.53, 10.0, 10.0, 9.98, 9.98]]","[27, 3]",pre-supersize,0,6,6,2,[],0,162,1,suggestion
False,"[[7.59, 4.58, 6.47, 4.88, 4.99, 8.98], [9.94, 9.99, 10.0, 10.0, 9.51, 9.96], [9.08, 8.4, 3.03, 2.64, 8.27, 7.71], [9.57, 5.96, 2.45, 5.96, 1.91, 4.89], [8.53, 8.3, 7.18, 7.56, 0.86, 7.71]]","[8, 1, 11, 2, 8]",post-supersize,5,5,6,2,[],0,163,1,suggestion
False,"[[2.71, 4.92, 5.45, 3.85, 3.9, 8.98], [9.7, 9.99, 9.34, 9.86, 9.99, 9.96]]","[11, 19]",post-supersize,5,5,6,2,[],0,164,1,suggestion
False,"[[5.11, 3.52, 5.15, 5.07, 5.08, 5.47], [9.98, 9.97, 10.0, 10.0, 10.0, 9.99]]","[5, 25]",pre-supersize,4,6,6,2,[],0,165,1,suggestion
False,"[[3.55, 4.4, 6.64, 4.69, 5.31], [9.98, 9.98, 10.0, 9.99, 9.99]]","[13, 17]",control,-1,5,5,2,[],0,166,1,suggestion
False,"[[4.86, 5.27, 4.43, 3.85, 4.97, 9.07], [9.99, 10.0, 9.73, 9.98, 9.99, 9.94], [5.27, 5.15, 7.64, 8.84, 8.04, 8.83], [5.74, 1.91, 1.91, 2.98, 4.47, 9.57], [7.84, 9.29, 0.86, 6.11, 9.89, 8.53]]","[4, 6, 2, 1, 17]",pre-supersize,3,6,6,2,[],0,167,1,suggestion
False,"[[3.53, 4.53, 4.55, 4.12, 6.94], [9.63, 9.99, 9.08, 9.87, 10.0], [9.83, 4.72, 8.5, 7.18, 6.51], [7.77, 2.45, 1.91, 1.06, 4.47], [5.88, 8.15, 0.86, 7.71, 8.95]]","[2, 8, 1, 13, 6]",control,-1,5,5,2,[],0,168,1,suggestion
False,"[[4.28, 4.7, 4.19, 4.81, 2.94, 5.86], [9.97, 9.99, 9.14, 9.85, 9.98, 9.93], [8.4, 7.0, 9.54, 7.23, 9.37, 8.05], [2.98, 3.72, 1.91, 1.06, 2.02, 4.89], [6.11, 8.85, 0.86, 7.71, 0.0, 7.71]]","[2, 12, 12, 3, 1]",pre-supersize,1,6,6,2,[],0,169,1,suggestion
False,"[[4.55, 4.61, 6.07, 4.73, 4.43], [8.46, 9.99, 9.98, 9.97, 9.73]]","[6, 24]",control,-1,5,5,2,[],0,170,1,suggestion
False,"[[4.65, 5.66, 6.13, 7.14, 6.31, 3.53], [7.19, 9.35, 9.99, 10.0, 9.99, 9.83], [9.58, 8.48, 3.77, 4.38, 7.15, 9.58], [1.91, 1.91, 2.45, 10.0, 4.68, 7.77], [0.86, 0.86, 8.15, 7.29, 8.72, 5.88]]","[4, 14, 7, 2, 3]",post-supersize,5,5,6,2,[],0,171,1,suggestion
False,"[[5.01, 8.16, 6.89, 7.11, 6.21], [9.97, 9.99, 9.99, 10.0, 10.0], [9.56, 7.85, 8.57, 4.38, 5.37], [0.85, 4.26, 4.47, 10.0, 6.81], [5.23, 8.3, 9.89, 7.29, 8.51]]","[12, 3, 5, 2, 8]",control,-1,5,5,2,[],0,172,1,suggestion
False,"[[4.3, 9.02, 4.0, 4.12, 4.12, 8.64], [9.53, 9.97, 8.65, 8.53, 9.22, 9.99]]","[17, 13]",pre-supersize,5,6,6,2,[],0,173,1,suggestion
False,"[[3.55, 2.79, 5.93, 6.98, 6.21, 5.05], [9.98, 9.82, 8.42, 9.94, 10.0, 9.99]]","[6, 24]",post-supersize,5,5,6,2,[],0,174,1,suggestion
False,"[[5.2, 5.11, 5.39, 5.75, 4.9, 8.64], [9.99, 10.0, 9.59, 9.99, 10.0, 9.99], [7.16, 2.76, 8.69, 8.44, 8.95, 7.85], [3.51, 4.04, 1.91, 4.47, 1.06, 4.26], [5.97, 8.97, 0.86, 9.89, 8.36, 8.3]]","[2, 5, 4, 5, 14]",pre-supersize,1,6,6,2,[],0,175,1,suggestion
False,"[[4.42, 2.71, 5.56, 5.51, 5.33, 4.51], [9.99, 9.7, 8.38, 9.37, 8.4, 9.96]]","[15, 15]",pre-supersize,2,6,6,2,[],0,176,1,suggestion
False,"[[5.55, 5.52, 5.39, 9.22, 2.09, 5.7], [9.99, 10.0, 9.98, 9.83, 7.26, 9.99], [4.46, 7.69, 7.44, 9.06, 9.69, 7.46], [2.45, 4.04, 3.62, 7.77, 1.91, 3.62], [8.15, 8.42, 8.28, 5.88, 0.86, 9.31]]","[6, 5, 2, 6, 11]",post-supersize,5,5,6,2,[],0,177,1,suggestion
False,"[[5.44, 5.42, 2.09, 6.55, 7.34], [9.49, 10.0, 7.26, 9.48, 9.07], [8.74, 6.68, 9.69, 8.72, 8.8], [1.91, 3.72, 1.91, 1.91, 1.91], [0.86, 8.85, 0.86, 0.86, 0.86]]","[5, 8, 5, 6, 6]",control,-1,5,5,2,[],0,178,1,suggestion
False,"[[7.46, 6.62, 6.55, 7.59, 4.36], [10.0, 9.91, 9.48, 9.94, 9.93]]","[15, 15]",control,-1,5,5,2,[],0,179,1,suggestion
False,"[[4.1, 5.83, 4.3, 7.46, 5.66, 4.64], [9.87, 9.99, 9.98, 10.0, 9.35, 9.99]]","[15, 15]",post-supersize,5,5,6,2,[],0,180,1,suggestion
False,"[[5.11, 5.83, 6.11, 3.53, 4.12, 3.45], [9.98, 9.99, 9.25, 9.63, 9.87, 9.59], [3.7, 5.4, 8.91, 9.83, 7.18, 9.11], [3.09, 5.74, 1.91, 7.77, 1.06, 1.91], [7.27, 7.84, 0.86, 5.88, 7.71, 0.86]]","[2, 15, 1, 9, 3]",post-supersize,5,5,6,2,[],0,181,1,suggestion
False,"[[5.73, 7.34, 5.02, 4.75, 8.64], [9.95, 9.07, 9.98, 9.96, 9.99]]","[23, 7]",control,-1,5,5,2,[],0,182,1,suggestion
False,"[[8.18, 3.55, 4.26, 6.07, 4.21, 5.8], [9.99, 9.97, 9.97, 10.0, 4.25, 10.0], [8.12, 7.76, 7.36, 0.0, 9.74, 6.03], [4.47, 3.62, 3.83, 5.32, 1.91, 6.28], [9.89, 8.28, 7.77, 10.0, 0.86, 7.29]]","[10, 2, 7, 4, 7]",pre-supersize,2,6,6,2,[],0,183,1,suggestion
False,"[[5.4, 7.39, 4.11, 6.24, 5.74], [7.34, 9.99, 9.97, 10.0, 9.99], [9.77, 7.85, 7.44, 3.46, 6.87], [1.91, 4.26, 3.83, 7.34, 7.23], [0.86, 8.3, 7.77, 8.68, 5.97]]","[6, 8, 3, 5, 8]",control,-1,5,5,2,[],0,184,1,suggestion
False,"[[5.14, 3.77, 7.07, 4.94, 3.65, 4.6], [9.35, 5.33, 10.0, 9.99, 9.54, 9.99]]","[17, 13]",pre-supersize,1,6,6,2,[],0,185,1,suggestion
False,"[[10.0, 5.88, 6.6, 5.08, 5.72, 4.0], [9.61, 9.99, 9.99, 8.99, 8.22, 8.65]]","[26, 4]",post-supersize,5,5,6,2,[],0,186,1,suggestion
False,"[[4.55, 7.1, 5.22, 4.03, 4.54, 3.34], [9.99, 9.99, 9.99, 10.0, 9.99, 7.09], [1.4, 6.67, 6.93, 1.4, 7.97, 9.53], [0.0, 4.68, 3.51, 0.0, 2.98, 1.91], [7.19, 8.72, 5.97, 7.19, 8.24, 0.86]]","[4, 4, 3, 18, 1]",pre-supersize,4,6,6,2,[],0,187,1,suggestion
False,"[[4.99, 9.89, 3.94, 1.84, 5.01, 4.94], [9.95, 9.94, 9.17, 4.86, 9.97, 9.98]]","[4, 26]",pre-supersize,1,6,6,2,[],0,188,1,suggestion
False,"[[5.54, 5.52, 6.48, 3.91, 4.91], [9.96, 10.0, 9.86, 9.99, 9.99], [9.35, 7.69, 9.32, 8.31, 7.62], [0.85, 4.04, 7.77, 4.47, 3.72], [5.23, 8.42, 5.88, 9.89, 8.85]]","[10, 1, 2, 8, 9]",control,-1,5,5,2,[],0,189,1,suggestion
False,"[[2.09, 7.34, 4.43, 4.97, 5.7, 6.27], [7.26, 9.07, 9.99, 9.99, 9.99, 8.87]]","[9, 21]",post-supersize,5,5,6,2,[],0,190,1,suggestion
False,"[[4.69, 5.59, 5.76, 5.56, 6.19], [9.99, 9.99, 9.96, 8.38, 9.99]]","[19, 11]",control,-1,5,5,2,[],0,191,1,suggestion
False,"[[4.55, 5.88, 6.39, 5.0, 5.61, 5.88], [9.99, 9.94, 9.99, 9.98, 9.98, 10.0], [1.4, 7.26, 5.27, 5.62, 4.3, 6.37], [0.0, 4.89, 5.74, 7.23, 3.09, 2.98], [7.19, 7.71, 7.84, 7.63, 7.27, 8.89]]","[11, 3, 9, 1, 6]",post-supersize,5,5,6,2,[],0,192,1,suggestion
False,"[[3.63, 5.06, 4.86, 8.16, 6.54, 3.5], [5.69, 5.77, 9.82, 9.99, 9.99, 9.08], [9.67, 9.33, 7.61, 7.85, 9.06, 9.46], [1.91, 1.91, 1.06, 4.26, 1.06, 1.91], [0.86, 0.86, 7.71, 8.3, 8.36, 0.86]]","[15, 3, 6, 5, 1]",post-supersize,5,5,6,2,[],0,193,1,suggestion
False,"[[5.51, 4.4, 4.11, 6.54, 5.9], [9.6, 9.99, 9.97, 9.99, 9.99], [8.39, 8.57, 7.44, 9.06, 7.92], [1.91, 5.74, 3.83, 1.06, 5.96], [0.86, 7.92, 7.77, 8.36, 8.3]]","[4, 5, 3, 10, 8]",control,-1,5,5,2,[],0,194,1,suggestion
False,"[[7.76, 5.46, 6.35, 5.96, 3.75, 5.48], [10.0, 8.75, 10.0, 9.89, 9.1, 10.0], [5.33, 9.34, 5.15, 7.17, 9.63, 6.51], [7.77, 1.91, 4.68, 1.06, 1.91, 4.47], [6.93, 0.86, 6.51, 7.71, 0.86, 8.95]]","[5, 1, 1, 15, 8]",pre-supersize,4,6,6,2,[],0,195,1,suggestion
False,"[[5.39, 5.47, 2.53, 6.02, 5.66], [9.93, 9.99, 8.39, 9.46, 9.35]]","[29, 1]",control,-1,5,5,2,[],0,196,1,suggestion
False,"[[3.85, 4.49, 4.4, 6.76, 4.71, 6.71], [9.99, 9.46, 9.97, 10.0, 9.98, 9.36]]","[13, 17]",pre-supersize,4,6,6,2,[],0,197,1,suggestion
False,"[[5.85, 3.5, 2.53, 6.54, 6.09, 5.88], [9.99, 9.08, 8.39, 9.99, 9.99, 10.0]]","[8, 22]",post-supersize,5,5,6,2,[],0,198,1,suggestion
False,"[[5.11, 6.89, 5.55, 6.54, 4.15, 5.81], [10.0, 9.99, 8.8, 9.99, 9.92, 9.99]]","[1, 29]",pre-supersize,4,6,6,2,[],0,199,1,suggestion
False,"[[8.16, 8.18, 4.91, 4.43, 5.87], [9.99, 9.99, 9.99, 9.99, 9.99], [7.85, 8.12, 7.62, 8.77, 7.85], [4.26, 4.47, 3.72, 4.47, 4.26], [8.3, 9.89, 8.85, 5.32, 8.3]]","[3, 1, 8, 8, 10]",control,-1,5,5,2,[],0,200,1,suggestion
False,"[[4.11, 5.89, 4.43, 6.98, 6.27, 4.44], [9.97, 10.0, 9.07, 9.94, 8.87, 9.99]]","[22, 8]",post-supersize,5,5,6,2,[],0,201,1,suggestion
False,"[[4.54, 5.98, 4.4, 5.81, 5.66], [9.99, 9.36, 9.98, 9.99, 9.35]]","[8, 22]",control,-1,5,5,2,[],0,202,1,suggestion
False,"[[5.45, 9.15, 4.16, 4.99, 4.92, 4.92], [8.92, 9.94, 9.98, 9.99, 9.73, 9.99], [9.54, 7.54, 8.52, 7.85, 9.74, 9.1], [1.91, 4.89, 4.47, 4.26, 7.77, 1.17], [0.86, 7.71, 5.32, 8.3, 5.88, 6.24]]","[4, 2, 5, 2, 17]",pre-supersize,3,6,6,2,[],0,203,1,suggestion
False,"[[5.04, 4.68, 9.85, 8.22, 4.98, 4.85], [9.17, 9.5, 9.93, 10.0, 10.0, 9.98], [9.27, 8.72, 9.39, 6.37, 5.33, 8.71], [1.91, 1.91, 9.57, 7.77, 7.77, 4.47], [0.86, 0.86, 8.53, 9.29, 6.93, 5.32]]","[4, 4, 20, 1, 1]",post-supersize,5,5,6,2,[],0,204,1,suggestion
False,"[[5.49, 4.46, 6.54, 4.36, 5.86, 4.58], [9.98, 8.5, 9.99, 9.98, 10.0, 9.99]]","[5, 25]",pre-supersize,5,6,6,2,[],0,205,1,suggestion
False,"[[4.91, 3.91, 3.75, 4.4, 7.04, 4.12], [9.91, 9.98, 9.1, 9.97, 9.99, 9.76], [8.63, 5.49, 9.63, 7.0, 7.37, 9.55], [3.83, 4.36, 1.91, 3.62, 3.83, 7.77], [7.77, 9.12, 0.86, 9.31, 9.33, 5.88]]","[2, 5, 8, 14, 1]",post-supersize,5,5,6,2,[],0,206,1,suggestion
False,"[[4.32, 5.5, 4.04, 7.19, 6.98], [9.89, 7.97, 9.98, 7.8, 9.94], [7.3, 9.36, 8.48, 9.83, 9.27], [1.06, 1.91, 2.98, 1.91, 9.57], [7.71, 0.86, 6.11, 0.86, 8.53]]","[3, 10, 7, 8, 2]",control,-1,5,5,2,[],0,207,1,suggestion
False,"[[4.04, 4.53, 4.61, 9.0, 4.16, 4.96], [9.98, 9.99, 9.99, 9.96, 9.98, 9.6]]","[13, 17]",post-supersize,5,5,6,2,[],0,208,1,suggestion
False,"[[2.7, 7.05, 6.98, 4.09, 3.43, 4.92], [9.45, 10.0, 9.94, 9.97, 7.21, 9.73], [9.82, 4.63, 9.27, 9.4, 9.48, 9.74], [1.91, 6.91, 9.57, 0.85, 1.91, 7.77], [0.86, 8.15, 8.53, 5.23, 0.86, 5.88]]","[22, 5, 1, 1, 1]",pre-supersize,0,6,6,2,[],0,209,1,suggestion
False,"[[3.94, 4.43, 4.28, 7.11, 5.39], [9.17, 9.99, 9.97, 10.0, 9.59]]","[21, 9]",control,-1,5,5,2,[],0,210,1,suggestion
False,"[[3.5, 4.54, 4.73, 5.62, 6.04], [9.97, 9.99, 9.97, 9.99, 9.99]]","[14, 16]",control,-1,5,5,2,[],0,211,1,suggestion
False,"[[5.58, 4.04, 7.23, 6.93, 5.89, 5.62], [9.02, 9.98, 9.93, 9.99, 9.95, 9.99]]","[9, 21]",pre-supersize,4,6,6,2,[],0,212,1,suggestion
False,"[[5.73, 5.5, 5.07, 4.46, 4.98, 6.04], [9.95, 7.97, 9.12, 9.99, 9.28, 9.99], [7.96, 9.36, 8.33, 6.07, 9.02, 8.59], [4.89, 1.91, 1.91, 7.23, 1.91, 4.47], [7.71, 0.86, 0.86, 7.63, 0.86, 5.32]]","[6, 1, 3, 8, 12]",pre-supersize,2,6,6,2,[],0,213,1,suggestion
False,"[[4.96, 6.54, 4.68, 3.9, 5.6, 3.42], [8.29, 10.0, 9.21, 9.91, 9.45, 9.95], [9.29, 4.07, 9.32, 6.98, 8.93, 7.5], [1.91, 5.32, 1.91, 1.06, 1.91, 3.62], [0.86, 5.9, 0.86, 7.71, 0.86, 8.28]]","[2, 8, 3, 11, 6]",post-supersize,5,5,6,2,[],0,214,1,suggestion
False,"[[3.77, 5.3, 6.13, 5.04, 9.07], [5.33, 9.97, 9.99, 9.03, 9.94], [9.57, 7.07, 7.32, 9.4, 8.83], [1.91, 3.62, 4.68, 1.91, 9.57], [0.86, 8.28, 8.72, 0.86, 8.53]]","[7, 14, 1, 1, 7]",control,-1,5,5,2,[],0,215,1,suggestion
False,"[[5.39, 4.43, 6.11, 4.46, 5.43, 6.36], [9.98, 9.86, 9.36, 10.0, 9.57, 9.93]]","[1, 29]",post-supersize,5,5,6,2,[],0,216,1,suggestion
False,"[[5.55, 5.96, 6.31, 3.97, 4.68, 4.71], [8.8, 9.89, 8.38, 9.98, 9.21, 9.99], [9.22, 7.17, 9.69, 5.5, 9.32, 7.79], [1.91, 1.06, 1.91, 7.23, 1.91, 5.74], [0.86, 7.71, 0.86, 7.63, 0.86, 7.92]]","[2, 2, 9, 15, 2]",post-supersize,5,5,6,2,[],0,217,1,suggestion
False,"[[3.34, 7.05, 5.88, 4.21, 6.07], [7.09, 10.0, 9.99, 9.65, 8.93]]","[29, 1]",control,-1,5,5,2,[],0,218,1,suggestion
False,"[[4.06, 5.15, 4.18, 4.37, 6.93, 4.27], [9.98, 10.0, 9.98, 9.99, 9.99, 10.0]]","[7, 23]",post-supersize,5,5,6,2,[],0,219,1,suggestion
False,"[[3.63, 5.3, 4.96, 4.26, 5.55], [9.91, 9.97, 9.6, 9.97, 8.8], [7.57, 7.07, 9.44, 7.36, 9.22], [1.06, 3.62, 7.77, 3.83, 1.91], [7.71, 8.28, 5.88, 7.77, 0.86]]","[4, 11, 7, 2, 6]",control,-1,5,5,2,[],0,220,1,suggestion
False,"[[5.42, 4.4, 4.03, 9.02, 5.88, 4.26], [10.0, 9.99, 10.0, 9.97, 9.94, 9.97]]","[21, 9]",pre-supersize,1,6,6,2,[],0,221,1,suggestion
False,"[[5.03, 4.7, 5.33, 5.5, 5.49, 4.87], [8.85, 10.0, 9.29, 9.98, 9.28, 9.67], [9.05, 3.74, 9.14, 6.1, 9.03, 8.95], [1.91, 3.4, 1.91, 2.55, 1.91, 7.77], [0.86, 6.85, 0.86, 8.09, 0.86, 5.88]]","[5, 3, 3, 11, 8]",pre-supersize,4,6,6,2,[],0,222,1,suggestion
False,"[[4.83, 6.9, 5.41, 4.83, 4.48], [9.97, 9.95, 10.0, 9.24, 9.99]]","[7, 23]",control,-1,5,5,2,[],0,223,1,suggestion
False,"[[5.6, 3.65, 5.89, 9.02, 5.18, 5.44], [9.99, 9.54, 9.95, 9.97, 9.97, 9.73]]","[9, 21]",post-supersize,5,5,6,2,[],0,224,1,suggestion
False,"[[9.02, 3.9, 6.5, 5.3, 6.19], [9.97, 9.91, 9.96, 9.97, 8.9], [8.4, 6.98, 8.42, 7.07, 9.79], [4.89, 1.06, 4.89, 3.62, 1.91], [7.71, 7.71, 7.71, 8.28, 0.86]]","[17, 2, 9, 1, 1]",control,-1,5,5,2,[],0,225,1,suggestion
False,"[[5.83, 5.27, 7.91, 9.15, 3.63, 3.75], [9.99, 9.59, 9.98, 9.94, 9.91, 9.1], [5.4, 7.4, 7.06, 7.54, 7.57, 9.63], [5.74, 1.91, 3.62, 4.89, 1.06, 1.91], [7.84, 0.86, 9.31, 7.71, 7.71, 0.86]]","[12, 9, 2, 6, 1]",post-supersize,5,5,6,2,[],0,226,1,suggestion
False,"[[4.88, 6.71, 5.47, 4.21, 6.62, 7.04], [9.96, 9.36, 9.96, 9.65, 9.91, 9.99]]","[27, 3]",pre-supersize,3,6,6,2,[],0,227,1,suggestion
False,"[[5.33, 6.9, 7.23, 6.06, 4.22, 5.27], [9.99, 9.95, 9.93, 9.95, 9.68, 9.59], [3.91, 8.1, 9.3, 7.71, 7.3, 7.4], [7.66, 4.89, 9.57, 4.89, 1.91, 1.91], [6.74, 7.71, 8.53, 7.71, 0.86, 0.86]]","[14, 1, 3, 9, 3]",pre-supersize,3,6,6,2,[],0,228,1,suggestion
False,"[[5.9, 5.7, 5.47, 3.91, 2.53], [9.99, 9.99, 9.96, 9.99, 8.39]]","[1, 29]",control,-1,5,5,2,[],0,229,1,suggestion
False,"[[4.94, 5.42, 6.19, 3.63, 3.58, 4.67], [9.99, 10.0, 9.99, 9.98, 9.1, 10.0]]","[17, 13]",post-supersize,5,5,6,2,[],0,230,1,suggestion
False,"[[4.92, 4.92, 5.01, 3.78, 4.94, 5.3], [9.73, 9.84, 9.99, 8.97, 9.99, 9.97]]","[19, 11]",pre-supersize,4,6,6,2,[],0,231,1,suggestion
False,"[[2.57, 5.72, 4.33, 3.93, 6.35], [9.69, 9.99, 9.96, 9.96, 10.0], [9.8, 8.18, 8.78, 9.43, 5.15], [7.77, 5.74, 0.85, 3.09, 4.68], [5.88, 7.92, 5.23, 9.98, 6.51]]","[11, 2, 10, 6, 1]",control,-1,5,5,2,[],0,232,1,suggestion
False,"[[4.98, 4.12, 5.34, 5.45, 6.09, 8.13], [10.0, 8.53, 9.05, 9.97, 9.99, 9.79], [5.33, 8.46, 9.16, 8.56, 5.13, 9.17], [7.77, 1.91, 1.91, 1.17, 7.23, 7.77], [6.93, 0.86, 0.86, 6.24, 5.97, 5.88]]","[1, 3, 12, 11, 3]",pre-supersize,5,6,6,2,[],0,233,1,suggestion
False,"[[4.15, 8.13, 4.65, 6.87, 4.22, 5.32], [9.92, 9.79, 7.19, 9.99, 9.68, 9.94], [7.57, 9.17, 9.58, 6.37, 7.3, 9.11], [1.06, 7.77, 1.91, 2.98, 1.91, 0.85], [7.71, 5.88, 0.86, 8.89, 0.86, 5.23]]","[7, 5, 2, 14, 2]",post-supersize,5,5,6,2,[],0,234,1,suggestion
False,"[[4.26, 4.46, 5.28, 5.1, 4.89, 5.71], [9.97, 9.99, 10.0, 7.99, 9.95, 10.0]]","[15, 15]",pre-supersize,0,6,6,2,[],0,235,1,suggestion
False,"[[3.5, 5.72, 6.74, 5.65, 6.23, 5.16], [9.97, 8.22, 9.99, 9.99, 9.98, 9.98], [8.48, 9.65, 7.92, 4.83, 7.3, 8.98], [2.98, 1.91, 4.47, 5.53, 7.55, 4.47], [6.11, 0.86, 8.42, 8.93, 9.45, 5.32]]","[6, 6, 3, 10, 5]",pre-supersize,1,6,6,2,[],0,236,1,suggestion
False,"[[4.07, 5.88, 5.4, 5.66, 4.69], [2.37, 10.0, 9.98, 9.35, 9.99], [9.73, 6.37, 5.26, 8.48, 5.36], [1.91, 2.98, 7.23, 1.91, 7.23], [0.86, 8.89, 7.63, 0.86, 7.63]]","[8, 10, 2, 5, 5]",control,-1,5,5,2,[],0,237,1,suggestion
False,"[[5.86, 5.16, 6.54, 4.37, 6.21, 4.64], [9.93, 9.98, 9.99, 9.99, 10.0, 9.99]]","[18, 12]",post-supersize,5,5,6,2,[],0,238,1,suggestion
False,"[[3.94, 5.93, 5.22, 5.28, 5.45, 7.05], [9.17, 9.39, 9.99, 9.99, 9.97, 10.0], [9.7, 8.89, 6.93, 5.15, 8.56, 4.63], [1.91, 1.91, 3.51, 1.91, 1.17, 6.91], [0.86, 0.86, 5.97, 9.29, 6.24, 8.15]]","[1, 5, 9, 3, 12]",post-supersize,5,5,6,2,[],0,239,1,suggestion
False,"[[4.96, 4.58, 5.5, 3.53, 7.83], [8.29, 9.58, 9.98, 9.83, 9.99]]","[28, 2]",control,-1,5,5,2,[],0,240,1,suggestion
False,"[[6.55, 5.5, 6.13, 9.22, 4.99, 4.68], [9.99, 9.98, 9.99, 9.83, 9.95, 9.98], [8.45, 6.1, 7.32, 9.06, 8.26, 5.03], [4.47, 2.55, 4.68, 7.77, 4.89, 7.23], [9.89, 8.09, 8.72, 5.88, 7.71, 7.63]]","[2, 2, 2, 14, 10]",post-supersize,5,5,6,2,[],0,241,1,suggestion
False,"[[6.04, 4.89, 5.43, 4.96, 4.32], [9.99, 10.0, 9.57, 8.29, 9.89]]","[24, 6]",control,-1,5,5,2,[],0,242,1,suggestion
False,"[[4.8, 5.86, 6.74, 6.15, 5.47], [9.99, 10.0, 9.99, 9.99, 9.99], [7.17, 6.12, 7.92, 5.82, 6.22], [3.62, 3.19, 4.47, 4.36, 2.98], [8.28, 8.21, 8.42, 9.12, 7.75]]","[2, 3, 2, 19, 4]",control,-1,5,5,2,[],0,243,1,suggestion
False,"[[4.53, 4.58, 7.04, 9.07, 4.12, 4.68], [8.25, 9.58, 9.99, 9.94, 9.76, 9.98]]","[6, 24]",pre-supersize,4,6,6,2,[],0,244,1,suggestion
False,"[[5.68, 8.16, 2.94, 4.89, 4.99, 4.71], [9.47, 9.99, 9.98, 9.36, 9.99, 9.98]]","[21, 9]",post-supersize,5,5,6,2,[],0,245,1,suggestion
False,"[[2.58, 5.51, 4.92, 4.94, 5.28, 5.11], [8.75, 9.98, 9.42, 9.99, 9.99, 10.0], [9.96, 4.3, 8.55, 7.31, 5.15, 2.76], [1.91, 3.09, 1.91, 3.51, 1.91, 4.04], [0.86, 7.27, 0.86, 5.97, 9.29, 8.97]]","[2, 15, 1, 9, 3]",pre-supersize,3,6,6,2,[],0,246,1,suggestion
False,"[[7.46, 6.48, 6.13, 3.45, 4.12], [10.0, 9.86, 9.99, 9.59, 8.53]]","[14, 16]",control,-1,5,5,2,[],0,247,1,suggestion
False,"[[6.62, 4.27, 6.55, 9.27, 3.91, 5.58], [9.27, 9.98, 9.48, 9.94, 9.98, 9.99], [9.93, 5.28, 8.72, 8.95, 5.49, 8.81], [1.91, 6.38, 1.91, 9.57, 4.36, 1.17], [0.86, 8.05, 0.86, 8.53, 9.12, 6.24]]","[5, 5, 1, 16, 3]",pre-supersize,5,6,6,2,[],0,248,1,suggestion
False,"[[4.68, 6.39, 5.55, 4.91, 4.68, 5.73], [9.5, 9.99, 9.99, 9.91, 9.99, 9.99]]","[23, 7]",post-supersize,5,5,6,2,[],0,249,1,suggestion
False,"[[4.96, 4.54, 4.43, 6.39, 3.42], [9.6, 9.99, 9.86, 9.99, 9.95], [9.44, 7.97, 8.82, 5.27, 7.5], [7.77, 2.98, 7.77, 5.74, 3.62], [5.88, 8.24, 5.88, 7.84, 8.28]]","[3, 2, 8, 2, 15]",control,-1,5,5,2,[],0,250,1,suggestion
False,"[[4.09, 9.02, 4.65, 6.11, 4.0, 3.43], [9.97, 9.97, 9.91, 9.36, 8.65, 7.21], [9.4, 8.4, 7.16, 8.0, 9.25, 9.48], [0.85, 4.89, 1.06, 1.91, 1.91, 1.91], [5.23, 7.71, 7.71, 0.86, 0.86, 0.86]]","[1, 9, 4, 11, 5]",post-supersize,5,5,6,2,[],0,251,1,suggestion
False,"[[4.6, 4.56, 2.79, 5.15, 3.92, 4.94], [9.98, 9.96, 9.82, 10.0, 9.98, 9.99]]","[20, 10]",pre-supersize,2,6,6,2,[],0,252,1,suggestion
False,"[[5.66, 4.8, 4.39, 7.91, 6.98, 4.99], [10.0, 9.99, 9.99, 9.98, 9.94, 9.95]]","[5, 25]",post-supersize,5,5,6,2,[],0,253,1,suggestion
False,"[[4.42, 4.46, 3.75, 6.17, 4.12, 4.87], [9.99, 10.0, 9.1, 9.99, 9.76, 9.67]]","[18, 12]",pre-supersize,2,6,6,2,[],0,254,1,suggestion
False,"[[4.69, 3.83, 5.33, 4.94, 5.49, 5.14], [9.99, 9.92, 9.99, 9.98, 9.98, 9.98], [5.36, 9.22, 3.91, 8.56, 6.9, 6.22], [7.23, 9.57, 7.66, 1.17, 2.55, 2.98], [7.63, 8.53, 6.74, 6.24, 8.09, 7.75]]","[9, 2, 11, 2, 6]",pre-supersize,4,6,6,2,[],0,255,1,suggestion
False,"[[2.57, 2.94, 5.8, 4.44, 1.55, 4.63], [9.69, 9.98, 10.0, 9.99, 7.74, 9.48], [9.8, 9.37, 6.03, 9.2, 9.72, 8.68], [7.77, 2.02, 6.28, 3.09, 1.91, 1.91], [5.88, 0.0, 7.29, 9.98, 0.86, 0.86]]","[3, 19, 3, 2, 3]",post-supersize,5,5,6,2,[],0,256,1,suggestion
False,"[[5.33, 5.2, 4.4, 6.11, 6.31], [8.4, 9.99, 9.97, 9.36, 9.99], [9.6, 7.16, 7.0, 8.0, 7.15], [1.91, 3.51, 3.62, 1.91, 4.68], [0.86, 5.97, 9.31, 0.86, 8.72]]","[22, 3, 2, 1, 2]",control,-1,5,5,2,[],0,257,1,suggestion
False,"[[4.89, 4.47, 6.29, 5.81, 6.9], [10.0, 8.22, 9.93, 10.0, 9.95]]","[1, 29]",control,-1,5,5,2,[],0,258,1,suggestion
False,"[[4.33, 3.63, 3.58, 4.04, 4.44, 4.3], [9.96, 5.69, 9.1, 9.98, 10.0, 9.53], [8.78, 9.67, 8.82, 8.48, 2.64, 9.3], [0.85, 1.91, 1.91, 2.98, 5.96, 1.91], [5.23, 0.86, 0.86, 6.11, 7.56, 0.86]]","[1, 7, 6, 12, 4]",post-supersize,5,5,6,2,[],0,259,1,suggestion
False,"[[9.0, 5.25, 5.07, 5.09, 0.0], [9.96, 10.0, 8.44, 9.36, 9.49], [2.93, 6.12, 9.01, 9.2, 9.56], [3.09, 3.19, 1.91, 1.91, 1.91], [7.27, 8.21, 0.86, 0.86, 0.86]]","[15, 5, 5, 4, 1]",control,-1,5,5,2,[],0,260,1,suggestion
False,"[[3.53, 6.07, 4.85, 4.36, 5.08, 4.55], [9.83, 9.98, 9.98, 9.93, 10.0, 9.99], [9.58, 8.5, 8.71, 6.94, 7.69, 1.4], [7.77, 1.17, 4.47, 1.06, 4.04, 0.0], [5.88, 6.24, 5.32, 7.71, 8.42, 7.19]]","[10, 1, 12, 1, 6]",pre-supersize,4,6,6,2,[],0,261,1,suggestion
False,"[[4.33, 6.17, 5.47, 4.88, 7.46, 4.64], [9.96, 9.99, 10.0, 10.0, 10.0, 9.99]]","[14, 16]",post-supersize,5,5,6,2,[],0,262,1,suggestion
False,"[[4.42, 4.89, 6.27, 6.89, 6.06], [9.99, 10.0, 8.87, 9.99, 9.95]]","[14, 16]",control,-1,5,5,2,[],0,263,1,suggestion
False,"[[5.02, 2.58, 4.15, 6.11, 5.54, 3.85], [9.98, 8.75, 9.92, 9.25, 10.0, 9.99]]","[2, 28]",pre-supersize,4,6,6,2,[],0,264,1,suggestion
False,"[[4.85, 5.22, 4.92, 7.04, 5.15, 4.6], [9.98, 9.99, 9.42, 9.99, 9.57, 9.98], [8.71, 6.93, 8.55, 7.37, 8.94, 7.5], [4.47, 3.51, 1.91, 3.83, 1.91, 3.62], [5.32, 5.97, 0.86, 9.33, 0.86, 8.28]]","[4, 5, 1, 10, 10]",post-supersize,5,5,6,2,[],0,265,1,suggestion
False,"[[4.46, 5.47, 7.07, 6.98, 7.49, 5.5], [8.5, 10.0, 10.0, 9.94, 9.94, 7.97]]","[5, 25]",pre-supersize,5,6,6,2,[],0,266,1,suggestion
False,"[[6.17, 4.4, 4.42, 4.55, 5.28], [8.78, 9.97, 9.99, 9.88, 9.74], [9.37, 9.51, 8.97, 6.94, 9.12], [1.91, 0.85, 3.09, 1.06, 7.77], [0.86, 5.23, 9.98, 7.71, 5.88]]","[2, 6, 8, 12, 2]",control,-1,5,5,2,[],0,267,1,suggestion
False,"[[4.04, 5.83, 6.5, 4.44, 4.6], [9.98, 10.0, 9.99, 9.74, 9.98]]","[27, 3]",control,-1,5,5,2,[],0,268,1,suggestion
False,"[[6.17, 3.78, 4.46, 3.96, 4.85, 6.55], [9.99, 8.97, 9.99, 9.76, 9.98, 9.99]]","[18, 12]",post-supersize,5,5,6,2,[],0,269,1,suggestion
False,"[[5.24, 2.7, 5.88, 4.86, 3.75, 3.84], [9.43, 9.45, 9.99, 9.99, 9.1, 9.01], [8.87, 9.82, 6.99, 5.27, 9.63, 9.15], [1.91, 1.91, 3.72, 5.74, 1.91, 1.91], [0.86, 0.86, 8.85, 7.84, 0.86, 0.86]]","[10, 5, 6, 6, 3]",pre-supersize,4,6,6,2,[],0,270,1,suggestion
False,"[[4.96, 2.09, 4.73, 3.63, 4.73, 5.86], [9.94, 7.26, 9.97, 9.91, 10.0, 9.93], [9.51, 9.69, 5.85, 7.57, 4.99, 8.05], [0.85, 1.91, 4.36, 1.06, 5.43, 4.89], [5.23, 0.86, 9.12, 7.71, 7.77, 7.71]]","[2, 7, 6, 12, 3]",post-supersize,5,5,6,2,[],0,271,1,suggestion
False,"[[5.34, 4.61, 5.92, 4.4, 4.64, 4.8], [9.05, 9.9, 8.28, 9.97, 9.99, 9.99], [9.16, 7.38, 9.8, 9.51, 9.11, 7.17], [1.91, 1.06, 1.91, 0.85, 2.02, 3.62], [0.86, 7.71, 0.86, 5.23, 0.0, 8.28]]","[16, 1, 4, 1, 8]",pre-supersize,2,6,6,2,[],0,272,1,suggestion
False,"[[5.39, 4.87, 5.03, 3.55, 3.78], [9.59, 9.67, 8.95, 9.97, 8.97], [8.69, 8.95, 8.97, 7.76, 9.59], [1.91, 7.77, 1.91, 3.62, 1.91], [0.86, 5.88, 0.86, 8.28, 0.86]]","[2, 10, 11, 3, 4]",control,-1,5,5,2,[],0,273,1,suggestion
False,"[[5.21, 5.5, 6.17, 2.76, 3.9, 6.51], [9.99, 9.96, 9.99, 7.46, 9.91, 9.99]]","[14, 16]",pre-supersize,2,6,6,2,[],0,274,1,suggestion
False,"[[5.5, 4.22, 3.63, 4.19, 6.59, 4.42], [9.96, 9.68, 9.98, 9.14, 10.0, 10.0]]","[24, 6]",post-supersize,5,5,6,2,[],0,275,1,suggestion
False,"[[6.53, 4.21, 5.88, 6.98, 5.16], [10.0, 9.65, 9.99, 9.94, 9.98]]","[5, 25]",control,-1,5,5,2,[],0,276,1,suggestion
False,"[[5.55, 5.62, 5.96, 6.93, 4.43, 5.15], [9.96, 9.99, 9.89, 9.99, 9.86, 9.57], [9.1, 6.03, 7.17, 5.13, 8.82, 8.94], [0.85, 6.28, 1.06, 7.23, 7.77, 1.91], [5.23, 7.29, 7.71, 5.97, 5.88, 0.86]]","[5, 2, 20, 1, 2]",pre-supersize,3,6,6,2,[],0,277,1,suggestion
False,"[[5.08, 5.55, 4.73, 6.11, 4.12, 5.3], [10.0, 9.96, 10.0, 9.25, 8.53, 9.87], [7.69, 9.1, 8.75, 8.91, 8.46, 8.96], [4.04, 0.85, 1.06, 1.91, 1.91, 0.85], [8.42, 5.23, 8.36, 0.86, 0.86, 5.23]]","[2, 5, 1, 12, 10]",post-supersize,5,5,6,2,[],0,278,1,suggestion
False,"[[5.81, 4.8, 5.73, 5.45, 1.55], [9.99, 9.85, 9.95, 8.91, 7.74], [8.77, 9.43, 7.96, 9.15, 9.72], [1.06, 7.77, 4.89, 1.91, 1.91], [8.36, 5.88, 7.71, 0.86, 0.86]]","[5, 7, 1, 1, 16]",control,-1,5,5,2,[],0,279,1,suggestion
False,"[[4.69, 6.24, 5.08, 4.12, 6.11, 4.11], [9.99, 10.0, 9.98, 8.53, 9.25, 10.0]]","[27, 3]",pre-supersize,4,6,6,2,[],0,280,1,suggestion
False,"[[3.42, 4.96, 6.62, 5.87, 5.6], [9.95, 9.6, 9.27, 9.99, 9.99]]","[14, 16]",control,-1,5,5,2,[],0,281,1,suggestion
False,"[[4.15, 4.95, 4.95, 4.27, 4.1, 7.39], [9.92, 10.0, 9.98, 9.98, 9.87, 9.99]]","[21, 9]",post-supersize,5,5,6,2,[],0,282,1,suggestion
False,"[[3.58, 7.53, 3.89, 3.9, 5.06, 8.18], [9.1, 9.84, 9.98, 9.99, 5.77, 9.99], [8.82, 9.23, 3.79, 5.12, 9.33, 8.12], [1.91, 7.77, 3.09, 3.3, 1.91, 4.47], [0.86, 5.88, 7.27, 6.98, 0.86, 9.89]]","[3, 19, 4, 1, 3]",post-supersize,5,5,6,2,[],0,283,1,suggestion
False,"[[8.27, 5.5, 4.74, 7.91, 6.06, 4.97], [10.0, 9.96, 10.0, 9.98, 9.95, 9.99]]","[2, 28]",post-supersize,5,5,6,2,[],0,284,1,suggestion
False,"[[4.6, 6.47, 5.83, 4.87, 4.4, 4.4], [9.99, 10.0, 10.0, 9.67, 9.99, 9.97]]","[19, 11]",pre-supersize,3,6,6,2,[],0,285,1,suggestion
False,"[[4.71, 4.19, 5.81, 4.92, 5.96, 4.46], [9.99, 9.14, 9.99, 9.42, 9.89, 10.0], [7.79, 9.54, 8.77, 8.55, 7.17, 8.2], [5.74, 1.91, 1.06, 1.91, 1.06, 5.96], [7.92, 0.86, 8.36, 0.86, 7.71, 8.3]]","[7, 2, 7, 11, 3]",pre-supersize,0,6,6,2,[],0,286,1,suggestion
False,"[[4.86, 0.0, 4.44, 6.64, 4.0], [9.93, 9.49, 10.0, 10.0, 8.65], [6.97, 9.56, 2.64, 6.12, 9.25], [1.06, 1.91, 5.96, 3.94, 1.91], [7.71, 0.86, 7.56, 8.76, 0.86]]","[1, 2, 9, 4, 14]",control,-1,5,5,2,[],0,287,1,suggestion
False,"[[5.1, 4.27, 4.47, 9.02, 3.83], [7.99, 9.98, 8.22, 9.97, 9.92]]","[18, 12]",control,-1,5,5,2,[],0,288,1,suggestion
False,"[[5.4, 4.44, 3.89, 4.6, 5.15, 5.24], [9.98, 9.74, 9.98, 9.98, 10.0, 9.43], [5.26, 8.86, 3.79, 7.5, 7.74, 8.87], [7.23, 7.77, 3.09, 3.62, 4.04, 1.91], [7.63, 5.88, 7.27, 8.28, 8.42, 0.86]]","[5, 2, 8, 5, 10]",pre-supersize,0,6,6,2,[],0,289,1,suggestion
False,"[[8.64, 4.99, 3.96, 4.92, 3.55], [9.99, 10.0, 9.76, 9.42, 9.98], [7.85, 6.12, 9.65, 8.55, 9.43], [4.26, 3.19, 7.77, 1.91, 2.02], [8.3, 8.21, 5.88, 0.86, 0.0]]","[13, 7, 3, 1, 6]",control,-1,5,5,2,[],0,290,1,suggestion
False,"[[2.7, 6.94, 4.61, 6.11, 5.93, 3.85], [9.45, 10.0, 9.9, 9.36, 9.39, 9.98], [9.82, 6.51, 7.38, 8.0, 8.89, 8.84], [1.91, 4.47, 1.06, 1.91, 1.91, 2.98], [0.86, 8.95, 7.71, 0.86, 0.86, 6.11]]","[2, 7, 7, 4, 10]",post-supersize,5,5,6,2,[],0,291,1,suggestion
False,"[[9.22, 4.19, 5.43, 4.96, 5.39, 4.26], [9.83, 9.14, 9.99, 8.29, 9.99, 9.98]]","[7, 23]",post-supersize,5,5,6,2,[],0,292,1,suggestion
False,"[[2.71, 6.17, 7.11, 5.81, 5.47, 4.73], [9.7, 8.78, 10.0, 10.0, 9.15, 9.98]]","[19, 11]",pre-supersize,0,6,6,2,[],0,293,1,suggestion
False,"[[5.54, 4.91, 3.29, 3.34, 4.89], [9.96, 9.99, 8.11, 7.09, 10.0]]","[9, 21]",control,-1,5,5,2,[],0,294,1,suggestion
False,"[[6.54, 3.5, 5.3, 4.44, 4.39, 3.96], [10.0, 9.97, 9.87, 9.8, 9.99, 9.76], [4.07, 8.48, 8.96, 8.82, 9.11, 9.65], [5.32, 2.98, 0.85, 7.77, 1.17, 7.77], [5.9, 6.11, 5.23, 5.88, 6.24, 5.88]]","[1, 1, 24, 3, 1]",pre-supersize,2,6,6,2,[],0,295,1,suggestion
False,"[[6.94, 3.34, 4.96, 4.94, 6.48, 6.32], [9.99, 7.09, 9.6, 9.99, 9.86, 10.0]]","[25, 5]",pre-supersize,1,6,6,2,[],0,296,1,suggestion
False,"[[5.11, 4.86, 5.31, 6.23, 3.34, 4.97], [10.0, 9.82, 9.99, 9.98, 7.09, 9.99]]","[26, 4]",post-supersize,5,5,6,2,[],0,297,1,suggestion
False,"[[5.78, 2.57, 6.87, 0.0, 5.6], [10.0, 9.69, 9.99, 9.49, 9.45]]","[22, 8]",control,-1,5,5,2,[],0,298,1,suggestion
False,"[[7.28, 7.91, 5.4, 4.43, 6.62], [9.94, 9.98, 8.95, 9.99, 9.27], [7.26, 7.06, 9.24, 8.77, 9.93], [4.89, 3.62, 1.91, 4.47, 1.91], [7.71, 9.31, 0.86, 5.32, 0.86]]","[3, 6, 13, 6, 2]",control,-1,5,5,2,[],0,299,1,suggestion
False,"[[4.32, 4.59, 3.34, 6.85, 5.07, 5.22], [9.93, 1.74, 8.31, 10.0, 10.0, 9.99], [6.77, 9.39, 9.12, 4.07, 4.37, 6.93], [1.06, 1.91, 1.91, 5.32, 5.74, 3.51], [7.71, 0.86, 0.86, 5.9, 7.98, 5.97]]","[1, 13, 7, 3, 6]",post-supersize,5,5,6,2,[],0,300,1,suggestion
